client_id,num_test_examples,loss,accuracy,macro_f1,weighted_f1,personalization_mode,fedper_adapt_epochs
1,1585,2.082918097318535,0.25236593059936907,0.11339516891059469,0.13931221515552517,fedper,1
8,1717,2.2847406886383483,0.17239370995923123,0.09738134656818237,0.09497844966356513,fedper,1
13,1594,2.1352209416656303,0.052070263488080304,0.04233300616288885,0.06124285898709722,fedper,1
