client_id,num_test_examples,loss,accuracy,macro_f1,weighted_f1,personalization_mode,fedper_adapt_epochs
0,1083,2.0209654480466552,0.3591874422899354,0.0843909317713418,0.2705496907757144,fedper,1
5,1043,2.1315569530168865,0.1629913710450623,0.05299004480388667,0.09635017516085434,fedper,1
