round,n_clients_total,n_clients_train_selected,n_clients_eval_selected,train_loss,num_train_examples,fit_duration_sec,local_eval_duration_sec,val_loss,val_accuracy,val_macro_f1,val_weighted_f1,num_val_examples,num_eval_clients,eval_duration_sec
1,24,24,24,1.8285662978887558,768.0,1.2455733874982495,0.045155679165569985,1.785872080503322,0.2122631514931179,0.06062959620509236,0.10603934407727993,24.0,24.0,0.061923225002828985
2,24,24,24,1.787349080046018,768.0,0.048884725001698826,0.031131775000782607,1.7859655578000222,0.2128430978345585,0.06427895918106574,0.11162156028225706,24.0,24.0,0.01124688333099281
3,24,24,24,1.746687606250833,762.0,0.016872499739595998,0.012705825198868906,1.7862394601725244,0.19667592515088594,0.06311838534857823,0.10581481023355616,24.0,24.0,0.03233407083947289
4,24,24,24,0.7745145696454343,452.0,0.009058698891652789,0.014901369020501997,1.786789611450944,0.1885416982666591,0.0609848968083774,0.101445030455614,24.0,24.0,0.012165175002640657
5,24,24,24,0.0,37.0,0.0014838621671613608,0.03977753783299311,1.7867896121533553,0.1885416982666591,0.0609848968083774,0.101445030455614,24.0,24.0,0.025339270831561105
