client_id,num_test_examples,loss,accuracy,macro_f1,weighted_f1,personalization_mode,fedper_adapt_epochs
1,124,1.7945605631797545,0.14516129032258066,0.04225352112676056,0.036801453884597914,fedper,1
2,135,1.791039149849503,0.18518518518518517,0.052083333333333336,0.05787037037037037,fedper,1
4,139,1.7875697286866552,0.19424460431654678,0.054878048780487805,0.06395858922618003,fedper,1
8,165,1.791338521784002,0.23030303030303031,0.06239737274220033,0.08622182415285863,fedper,1
13,184,1.7942969073419985,0.14673913043478262,0.042654028436018954,0.03755409025345147,fedper,1
27,128,1.7909687459468842,0.140625,0.0410958904109589,0.034674657534246575,fedper,1
