client_id,num_test_examples,loss,accuracy,macro_f1,weighted_f1,personalization_mode,fedper_adapt_epochs
5,528,1.7783611904491077,0.19696969696969696,0.05485232067510548,0.06482546988876102,fedper,1
8,517,1.800776696066792,0.11798839458413926,0.03517877739331026,0.024904124808416937,fedper,1
