client_id,num_test_examples,loss,accuracy,macro_f1,weighted_f1,personalization_mode,fedper_adapt_epochs
1,670,1.9357084797389472,0.09104477611940298,0.05555202050759214,0.07141966411950587,fedper,1
2,589,1.7090322924793677,0.4091680814940577,0.11614457831325302,0.24155706015914252,fedper,1
8,421,1.7977630084030984,0.20665083135391923,0.16648705928839555,0.16398040581625858,fedper,1
11,461,1.7645001807078364,0.3969631236442516,0.11012694801090706,0.3298019095846937,fedper,1
13,443,1.7572968355958134,0.17155756207674944,0.10165070756434962,0.12928204757720774,fedper,1
14,428,1.9454613935167544,0.0,0.0,0.0,fedper,1
34,781,2.0903364224562115,0.10627400768245839,0.032883324273135534,0.02261494887017315,fedper,1
