client_id,num_test_examples,loss,accuracy,macro_f1,weighted_f1,personalization_mode,fedper_adapt_epochs
1,2799,1.3486128393860108,0.8706680957484816,0.2362616372995682,0.8171803544156129,none,0
8,2394,1.4819064964925437,0.7180451127819549,0.27776632275797863,0.6037410655977682,none,0
13,2020,1.5265399236490231,0.7410891089108911,0.3059542547958682,0.6364403870785504,none,0
18,1210,1.2691273220314467,0.5991735537190083,0.2837502284369853,0.6958745484442334,none,0
