client_id,num_test_examples,loss,accuracy,macro_f1,weighted_f1,personalization_mode,fedper_adapt_epochs
1,387,1.9347875435530986,0.05167958656330749,0.021893814997263273,0.027720851030126625,fedper,1
8,449,1.957477849416584,0.15367483296213807,0.038058466629895205,0.04094039951500976,fedper,1
