round,n_clients_total,n_clients_train_selected,n_clients_eval_selected,train_loss,num_train_examples,fit_duration_sec,local_eval_duration_sec,val_loss,val_accuracy,val_macro_f1,val_weighted_f1,num_val_examples,num_eval_clients,eval_duration_sec
1,24,24,24,1.7374437501033146,768.0,0.8700911999997819,0.07364690833370939,1.811847269432323,0.2559188301495527,0.06776059637270207,0.10527408206289303,24.0,24.0,0.03970660000049975
2,24,24,24,1.8063859015625252,1147.0,0.017487966953963527,0.024368119356877098,1.809925439579839,0.2559188301495527,0.06776059637270206,0.10527408206289303,24.0,24.0,0.05954736250108302
3,24,24,24,1.7998290751328248,1124.0,0.08083666414844293,0.017034899467882846,1.8094086314876698,0.2559188301495527,0.06776059637270207,0.10527408206289302,24.0,24.0,0.012622966665124599
4,24,24,24,1.352393081532189,804.0,0.009376544774206186,0.012909187436980121,1.81023128750971,0.2559188301495527,0.06776059637270206,0.10527408206289302,24.0,24.0,0.013146341669198591
5,24,24,24,0.0,133.0,0.0008639932281418206,0.03059519774366268,1.810231293518177,0.2559188301495527,0.06776059637270207,0.10527408206289302,24.0,24.0,0.046694349997172445
