client_id,num_test_examples,loss,accuracy,macro_f1,weighted_f1,personalization_mode,fedper_adapt_epochs
1,1585,2.143250734347274,0.16971608832807572,0.0768509664517755,0.09071790052523254,none,0
8,1717,2.119280140137492,0.14909726266744322,0.08268058611059528,0.08197614932169849,none,0
13,1594,2.1840410759039175,0.011292346298619825,0.018287907268170426,0.009547459719981678,none,0
