client_id,num_test_examples,loss,accuracy,macro_f1,weighted_f1,personalization_mode,fedper_adapt_epochs
1,670,1.6589317513935602,0.3373134328358209,0.11558141591067932,0.24403487493982756,fedper,1
2,589,1.8640156601807054,0.2903225806451613,0.10520126335595727,0.21341430926436317,fedper,1
8,421,1.8413945518593324,0.03800475059382423,0.02713509662481076,0.02968429429313182,fedper,1
11,461,2.0147029805338565,0.015184381778741865,0.01138211382113821,0.028393559423663648,fedper,1
13,443,1.800201939944489,0.23476297968397292,0.1419347115962991,0.15757222013786035,fedper,1
14,428,1.7820053000316443,0.21261682242990654,0.11922222222222223,0.19755659397715472,fedper,1
34,781,1.7024234282985693,0.14852752880921896,0.08423078736445072,0.10134963516472373,fedper,1
