client_id,num_test_examples,loss,accuracy,macro_f1,weighted_f1,personalization_mode,fedper_adapt_epochs
1,670,1.7190908873259132,0.3805970149253731,0.11027027027027028,0.20984267849939495,none,0
2,589,1.7064934946685169,0.3938879456706282,0.14129110840438489,0.22261145772371677,none,0
8,421,1.7269196515978091,0.4489311163895487,0.15491803278688523,0.2781901016315564,none,0
11,461,1.6688806995135326,0.49891540130151846,0.33285094066570187,0.3321289212716331,none,0
13,443,1.7667212674633912,0.28442437923250563,0.07381370826010546,0.1259665089043786,none,0
14,428,1.7382091272657163,0.32242990654205606,0.12190812720848057,0.1572273042501899,none,0
34,781,1.7335027425756222,0.42509603072983354,0.09943096735549566,0.2536062573266931,none,0
