epoch,train_loss,val_loss,val_accuracy,val_macro_f1,val_weighted_f1,num_val_examples
8,1.4017287634667897,1.5933735118285561,0.4258544652701213,0.28149313424314326,0.365618755361315,7256
