epoch,train_loss,val_loss,val_accuracy,val_macro_f1,val_weighted_f1,num_val_examples
104,0.5487615114868009,0.7840247400526162,0.7397469126391218,0.574390553971068,0.702383363001817,19677
