client_id,num_test_examples,loss,accuracy,macro_f1,weighted_f1,personalization_mode,fedper_adapt_epochs
1,387,1.9338028181430906,0.16279069767441862,0.040632054176072234,0.051446270145414454,none,0
8,449,1.9424147797055658,0.1514476614699332,0.03854875283446712,0.04146781206914837,none,0
