client_id,num_test_examples,loss,accuracy,macro_f1,weighted_f1,personalization_mode,fedper_adapt_epochs
1,670,1.7024387021562946,0.5507462686567164,0.3338033450587376,0.5412968665334639,none,0
2,589,1.7593956906443338,0.03904923599320883,0.034867062559633163,0.07168974575514912,none,0
8,421,1.7690829058441018,0.05463182897862233,0.11645569620253164,0.07745271956462912,none,0
11,461,1.720335680336859,0.27114967462039047,0.17792398650281835,0.35657545707788396,none,0
13,443,1.7656157746002852,0.23024830699774265,0.1698866909928942,0.1583778738553458,none,0
14,428,1.7731452556414025,0.03271028037383177,0.041176470588235294,0.05868609125893348,none,0
34,781,1.700813692449455,0.43021766965428937,0.2662742404564102,0.42755318041572926,none,0
