mean_loss,std_loss,mean_accuracy,std_accuracy,mean_macro_f1,std_macro_f1,mean_weighted_f1,std_weighted_f1,num_clients,num_predictions,evaluation_data_dir,channel_config
1.1540589023731105,0.5003953603475823,0.5710306060235244,0.1345233677612208,0.41568821537739864,0.15194635032979822,0.49530628796970727,0.14777661556467836,29,11869,precomputed/partA_blockB_magstd,mag_std
