epoch,train_loss,val_loss,val_accuracy,val_macro_f1,val_weighted_f1,num_val_examples
110,1.00029956991483,1.2828136377971582,0.5252194870029265,0.48308416033847695,0.4776398052698304,5809
