client_id,num_test_examples,loss,accuracy,macro_f1,weighted_f1,personalization_mode,fedper_adapt_epochs
1,2799,1.5323869400937542,0.8770989639156842,0.3125839954991687,0.8203962748665734,none,0
8,2394,1.6379848649926054,0.7080200501253133,0.2022529754317834,0.5921671461348469,none,0
13,2020,1.645478065179126,0.7282178217821782,0.2146972570903276,0.6241398446348769,none,0
