client_id,num_test_examples,loss,accuracy,macro_f1,weighted_f1,personalization_mode,fedper_adapt_epochs
0,1083,1.9706837549764364,0.4579870729455217,0.1646746347941567,0.3016754159109944,none,0
5,1043,2.0036365053226257,0.28187919463087246,0.07824185993805242,0.13884383462462602,none,0
