round,n_clients_total,n_clients_train_selected,n_clients_eval_selected,train_loss,num_train_examples,fit_duration_sec,local_eval_duration_sec,val_loss,val_accuracy,val_macro_f1,val_weighted_f1,num_val_examples,num_eval_clients,eval_duration_sec
1,24,24,24,1.861439550916354,768.0,0.9007742875000986,0.06675947916907414,1.7506885128356346,0.28539907647596924,0.0738705023765571,0.12757513869259582,24.0,24.0,0.02851390416981303
2,24,24,24,1.8077000230550766,768.0,0.04531981666514184,0.024834049997783342,1.7498009435240427,0.28539907647596924,0.07387050237655711,0.12757513869259582,24.0,24.0,0.017356550000840798
3,24,24,24,1.726588837430859,762.0,0.027187129135978143,0.018241202888116266,1.7498932212431237,0.28539907647596924,0.07387050237655711,0.12757513869259582,24.0,24.0,0.026232116665293386
4,24,24,24,0.7642568908961473,452.0,0.005122758630795541,0.012552002436235193,1.7504982920280956,0.28539907647596924,0.07387050237655711,0.12757513869259582,24.0,24.0,0.00975857083540177
5,24,24,24,0.0,37.0,0.0007655189193256602,0.01402498919019677,1.7504982881119349,0.28539907647596924,0.07387050237655711,0.12757513869259582,24.0,24.0,0.017908279165567365
