client_id,num_test_examples,loss,accuracy,macro_f1,weighted_f1,personalization_mode,fedper_adapt_epochs
1,124,1.7967206701155631,0.13709677419354838,0.04018912529550827,0.03305879661404713,none,0
2,135,1.7976927872057313,0.14814814814814814,0.04301075268817204,0.038231780167264036,none,0
4,139,1.800056111040733,0.1510791366906475,0.043750000000000004,0.03965827338129497,none,0
8,165,1.8143764199632586,0.10909090909090909,0.03278688524590164,0.021460506706408346,none,0
13,184,1.814310794291289,0.10326086956521739,0.031198686371100164,0.019329620903833798,none,0
27,128,1.7982252538204193,0.1328125,0.03908045977011494,0.031142241379310345,none,0
