client_id,num_test_examples,loss,accuracy,macro_f1,weighted_f1,personalization_mode,fedper_adapt_epochs
0,1083,2.0434941096319057,0.08494921514312095,0.032083696599825635,0.013775548401587184,none,0
5,1043,2.0677365465795092,0.06999041227229147,0.028484576309819716,0.037849420777136995,none,0
