client_id,num_test_examples,loss,accuracy,macro_f1,weighted_f1,personalization_mode,fedper_adapt_epochs
0,1083,2.1198194040155807,0.0,0.0,0.0,fedper,1
5,1043,2.10617662607652,0.04985618408437201,0.02122757106934322,0.02671033959794473,fedper,1
