round,train_loss,val_loss,val_accuracy,val_macro_f1,val_weighted_f1,num_train_examples,num_val_examples,fit_duration_sec,local_eval_duration_sec,eval_duration_sec
34,0.0,2.0504814041736235,0.16056088280481698,0.043603776799246464,0.1164459246287587,30.0,6.0,0.0010938000050373375,0.012316000007558614,0.0328615833374594
