client_id,num_test_examples,loss,accuracy,macro_f1,weighted_f1,personalization_mode,fedper_adapt_epochs
0,1083,2.0459973479682168,0.01569713758079409,0.031135531135531136,0.027771858796789544,none,0
5,1043,2.0108961992730117,0.10067114093959731,0.07367483235701884,0.05609317450176208,none,0
