client_id,num_test_examples,loss,accuracy,macro_f1,weighted_f1,personalization_mode,fedper_adapt_epochs
1,670,1.780667128135909,0.15074626865671642,0.0811424022001506,0.09267839626327538,none,0
2,589,1.7938195080425217,0.06791171477079797,0.0334930163927799,0.01161285792662129,none,0
8,421,1.7884001222189134,0.16389548693586697,0.0711340206185567,0.04663417978793741,none,0
11,461,1.794049474784454,0.0,0.0,0.0,none,0
13,443,1.7847219961222354,0.1580135440180587,0.04742547425474255,0.04624786654187084,none,0
14,428,1.7932031477723167,0.15654205607476634,0.06878850102669405,0.04307317354007945,none,0
34,781,1.7793089923724321,0.11651728553137004,0.05534321786031773,0.07779891889604261,none,0
