epoch,train_loss,val_loss,val_accuracy,val_macro_f1,val_weighted_f1,num_val_examples
22,1.1041780919767916,1.0560514886378167,0.6867151780539635,0.2701132591864399,0.5776470932172797,15529
