client_id,num_test_examples,loss,accuracy,macro_f1,weighted_f1,personalization_mode,fedper_adapt_epochs
1,2799,1.3585562999438456,0.8474455162558057,0.13111129535969931,0.7810467091202665,none,0
8,2394,1.4937951325772698,0.6340852130325815,0.0985826620342522,0.4930840988815324,none,0
13,2020,1.5512825120793712,0.552970297029703,0.09529560124823665,0.396165985170312,none,0
