client_id,num_test_examples,loss,accuracy,macro_f1,weighted_f1,personalization_mode,fedper_adapt_epochs
5,528,1.8010118983008645,0.11553030303030302,0.03511801957397812,0.024343172659234837,fedper,1
8,517,1.7851570805451855,0.10638297872340426,0.03431118780557952,0.023627051266432244,fedper,1
