client_id,num_test_examples,loss,accuracy,macro_f1,weighted_f1,personalization_mode,fedper_adapt_epochs
5,528,1.8156017968148896,0.11553030303030302,0.0345217883418223,0.023929876009672276,none,0
8,517,1.8164789192450577,0.10444874274661509,0.03152364273204904,0.019755629100935954,none,0
