client_id,num_test_examples,loss,accuracy,macro_f1,weighted_f1,personalization_mode,fedper_adapt_epochs
5,528,1.782681739691532,0.3409090909090909,0.16846979065583456,0.17460033931150531,none,0
8,517,1.7797792206880434,0.33849129593810445,0.16296296296296295,0.17794970986460348,none,0
