client_id,num_test_examples,loss,accuracy,macro_f1,weighted_f1
1,2799,0.567384041167021,0.8821007502679529,0.3085635907428579,0.8382882324997443
8,2394,0.6708214703477365,0.7573099415204678,0.4741560104641165,0.6572806630116443
13,2020,0.6991366550473883,0.7683168316831683,0.4437889006294491,0.687464811809968
