epoch,train_loss,val_loss,val_accuracy,val_macro_f1,val_weighted_f1,num_val_examples
59,0.5370958786749067,0.6500352741556407,0.7769746121297603,0.4554390350685176,0.7004452343030796,5672
