client_id,num_test_examples,loss,accuracy,macro_f1,weighted_f1,personalization_mode,fedper_adapt_epochs
1,2799,2.1656633635511056,0.00964630225080386,0.028862797138241403,0.016459728289759612,fedper,1
8,2394,2.4500740198861983,0.005430242272347535,0.018764926345748768,0.005973672301319425,fedper,1
13,2020,2.4658984845227536,0.07821782178217822,0.06004505393317548,0.01429104769198309,fedper,1
18,1210,4.33772952300458,0.0008264462809917355,0.0002640612622128334,0.00011915491666793968,fedper,1
