client_id,num_test_examples,loss,accuracy,macro_f1,weighted_f1,personalization_mode,fedper_adapt_epochs
1,2799,2.053308621182021,0.02750982493747767,0.008924432081594809,0.0014730573853864958,fedper,1
8,2394,1.9579655681935169,0.6336675020885547,0.10900936361131695,0.5357429529501732,fedper,1
13,2020,1.972044590440127,0.5524752475247525,0.10560463714302482,0.46344687649731986,fedper,1
