client_id,num_test_examples,loss,accuracy,macro_f1,weighted_f1,personalization_mode,fedper_adapt_epochs
1,1585,1.979474701415101,0.28201892744479495,0.12846641362069294,0.15008491847904085,none,0
8,1717,1.9995749479959228,0.2580081537565521,0.12457392520220867,0.1513598321842698,none,0
13,1594,2.040329972055356,0.26537013801756587,0.12445409400482546,0.14471751531671065,none,0
