client_id,num_test_examples,loss,accuracy,macro_f1,weighted_f1,personalization_mode,fedper_adapt_epochs
0,1083,1.9059898144430512,0.46352723915050786,0.17744960240291122,0.302851481883611,none,0
5,1043,2.0204056331089566,0.28187919463087246,0.07846877013716284,0.13883059289191305,none,0
