epoch,train_loss,val_loss,val_accuracy,val_macro_f1,val_weighted_f1,num_val_examples
8,0.48336159945284835,0.5699761098359812,0.784771956275914,0.6111572538096943,0.7622405601927805,5306
