client_id,num_test_examples,loss,accuracy,macro_f1,weighted_f1,personalization_mode,fedper_adapt_epochs
1,1585,1.9327335013200055,0.3022082018927445,0.1826877954212388,0.20328218877109885,none,0
8,1717,1.9661354128538209,0.2865463016889924,0.18634762908877012,0.2111752112929192,none,0
13,1594,1.9526433687437432,0.30112923462986196,0.1956496315344724,0.22894351267930899,none,0
