epoch,train_loss,val_loss,val_accuracy,val_macro_f1,val_weighted_f1,num_val_examples
22,0.44856125817815556,0.6432630425320224,0.7831986583320628,0.6722466493130954,0.7501301808069355,19677
