epoch,train_loss,val_loss,val_accuracy,val_macro_f1,val_weighted_f1,num_val_examples
29,0.9561969495198084,1.4409218908874852,0.4477534859700465,0.4384111337841067,0.3902069217739912,5809
