client_id,num_test_examples,loss,accuracy,macro_f1,weighted_f1,personalization_mode,fedper_adapt_epochs
5,528,1.7768545945485432,0.22348484848484848,0.0608875128998968,0.08164461957031616,none,0
8,517,1.7685345076961259,0.23404255319148937,0.0632183908045977,0.08877476155539252,none,0
