round,n_clients_total,n_clients_train_selected,n_clients_eval_selected,train_loss,num_train_examples,fit_duration_sec,local_eval_duration_sec,val_loss,val_accuracy,val_macro_f1,val_weighted_f1,num_val_examples,num_eval_clients,eval_duration_sec
1,24,24,24,1.7897436022758484,768.0,0.9508280624916855,0.0908035583330881,1.7981107693356184,0.23668657553046782,0.06344984624032922,0.0980886390535098,24.0,24.0,0.020587249999759177
2,24,24,24,1.8039235124985378,768.0,0.026129512500726076,0.0531888958333487,1.7969732826177385,0.2518784261091487,0.06687382903856633,0.1038971991070627,24.0,24.0,0.013459829163669687
3,24,24,24,1.7416765258068174,762.0,0.03781525144662728,0.01637874435814613,1.7954513692438507,0.2531410523717749,0.0671830957952015,0.10423458102339199,24.0,24.0,0.0209805499992702
4,24,24,24,0.7494822392421486,452.0,0.0059330774324614375,0.03731867367154723,1.7949384246289073,0.2518784261091486,0.06687382903856631,0.10389719910706269,24.0,24.0,0.010396241665148409
5,24,24,24,0.0,37.0,0.000701127023234762,0.010617656748100007,1.7949384144100407,0.2518784261091487,0.06687382903856633,0.1038971991070627,24.0,24.0,0.013605450001098992
