client_id,num_test_examples,loss,accuracy,macro_f1,weighted_f1,personalization_mode,fedper_adapt_epochs
1,124,1.7937168998102988,0.10483870967741936,0.0316301703163017,0.01989639745702849,none,0
2,135,1.791530015733507,0.11851851851851852,0.03532008830022075,0.025116507235712533,none,0
4,139,1.7899971557178085,0.1223021582733813,0.03632478632478633,0.02665559859804464,none,0
8,165,1.787486971508373,0.09696969696969697,0.029465930018416204,0.017143813828896702,none,0
13,184,1.78961515944937,0.08152173913043478,0.025125628140703515,0.012289709416648458,none,0
27,128,1.792608380317688,0.140625,0.0410958904109589,0.034674657534246575,none,0
