round,train_loss,val_loss,val_accuracy,val_macro_f1,val_weighted_f1,num_train_examples,num_val_examples,fit_duration_sec,local_eval_duration_sec,eval_duration_sec
5,0.0,1.7949384144100407,0.2518784261091487,0.06687382903856633,0.1038971991070627,37.0,24.0,0.000701127023234762,0.010617656748100007,0.013605450001098992
