client_id,num_test_examples,loss,accuracy,macro_f1,weighted_f1,personalization_mode,fedper_adapt_epochs
1,2799,2.3686796060073543,0.013576277241872096,0.035849056603773584,0.006250210654748663,fedper,1
8,2394,2.351919150193134,0.0020885547201336674,0.0032565406962207686,0.00322785415579766,fedper,1
13,2020,2.1931894179618006,0.11089108910891089,0.07195929929106575,0.08335643877528348,fedper,1
18,1210,0.5948172980103611,0.8173553719008264,0.14359091951387296,0.8310162768794026,fedper,1
