round,n_clients_total,n_clients_train_selected,n_clients_eval_selected,train_loss,num_train_examples,fit_duration_sec,local_eval_duration_sec,val_loss,val_accuracy,val_macro_f1,val_weighted_f1,num_val_examples,num_eval_clients,eval_duration_sec
1,24,24,24,1.725585733850797,768.0,0.7136084666635725,0.023211824999937864,1.8538860199537448,0.030896764917012372,0.009987186463468625,0.0018704110532129937,24.0,24.0,0.046187550000468036
2,24,24,24,1.9521904985109966,768.0,0.00907478750377777,0.012033749999924718,1.8534414090640823,0.030896764917012366,0.009987186463468625,0.001870411053212994,24.0,24.0,0.032651249999616994
3,24,24,24,1.6966212665627947,762.0,0.0075551769024725475,0.009581321262995275,1.8533024263581854,0.030896764917012372,0.009987186463468621,0.001870411053212994,24.0,24.0,0.009125337504277317
4,24,24,24,0.7269479447761468,452.0,0.0028901435834673994,0.007640287170363838,1.8532510255110755,0.030896764917012376,0.009987186463468625,0.0018704110532129937,24.0,24.0,0.029346583333487313
5,24,24,24,0.0,37.0,0.0014183378496798813,0.018110256752225797,1.8532510299262341,0.030896764917012376,0.009987186463468623,0.0018704110532129937,24.0,24.0,0.01225572499727908
