epoch,train_loss,val_loss,val_accuracy,val_macro_f1,val_weighted_f1,num_val_examples
70,0.3923980066182338,0.48538300918473565,0.8497027770384171,0.6046450257711854,0.7958562834221747,11271
