client_id,num_test_examples,loss,accuracy,macro_f1,weighted_f1,personalization_mode,fedper_adapt_epochs
1,387,1.9487368389001496,0.17829457364341086,0.043233082706766915,0.05395756833945328,none,0
8,449,1.9344908437112922,0.15367483296213807,0.038058466629895205,0.04094039951500976,none,0
