client_id,num_test_examples,loss,accuracy,macro_f1,weighted_f1,personalization_mode,fedper_adapt_epochs
1,670,1.8153433511506265,0.0,0.0,0.0,fedper,1
2,589,1.8855989394244597,0.0050933786078098476,0.002608695652173913,0.0016165940798700817,fedper,1
8,421,1.855530162888298,0.004750593824228029,0.003361344537815126,0.004271542346154613,fedper,1
11,461,1.7995120095586052,0.49023861171366595,0.21931101407083942,0.3282529277849874,fedper,1
13,443,1.8013539077466014,0.12189616252821671,0.03621730382293763,0.026488502118807652,fedper,1
14,428,1.7593700050193573,0.20093457943925233,0.1331792788217369,0.13436375977178985,fedper,1
34,781,1.59644139270929,0.24839948783610755,0.06632478632478632,0.09885025772349716,fedper,1
