round,train_loss,val_loss,val_accuracy,val_macro_f1,val_weighted_f1,num_train_examples,num_val_examples,fit_duration_sec,local_eval_duration_sec,eval_duration_sec
25,0.0,1.7412451799506703,0.24786866979100758,0.1021615626194766,0.1644333268141907,4.0,28.0,0.0019680000041262247,0.0329310999950394,0.02057003214395081
