epoch,train_loss,val_loss,val_accuracy,val_macro_f1,val_weighted_f1,num_val_examples
34,0.48360804636598226,0.44753525221361556,0.8487268210451602,0.6036581950228118,0.7945972865538405,11271
