client_id,num_test_examples,loss,accuracy,macro_f1,weighted_f1,personalization_mode,fedper_adapt_epochs
1,2799,1.2920388937763079,0.8510182207931404,0.15325226790194943,0.7825228341745843,none,0
8,2394,1.5996201191729271,0.633249791144528,0.0969309462915601,0.49105201195657516,none,0
13,2020,1.6643328961759511,0.5514851485148515,0.08886407147415444,0.39205772523646754,none,0
