client_id,num_test_examples,loss,accuracy,macro_f1,weighted_f1,personalization_mode,fedper_adapt_epochs
1,2799,2.0332239550665134,0.004644515898535191,0.00134742951907131,0.009173496575713785,fedper,1
8,2394,2.0564088462886954,0.0,0.0,0.0,fedper,1
13,2020,2.090558722467706,0.10297029702970296,0.03541273701070083,0.029353500107700735,fedper,1
18,1210,2.006391171778529,0.0049586776859504135,0.007462686567164179,0.0002590354015048723,fedper,1
