client_id,num_test_examples,loss,accuracy,macro_f1,weighted_f1,personalization_mode,fedper_adapt_epochs
1,2799,1.8419253618302367,0.8674526616648803,0.2697797499466484,0.8138791503369256,none,0
8,2394,1.8617595287791469,0.7192982456140351,0.2059145403074117,0.6019749466764398,none,0
13,2020,1.7919325795504126,0.7435643564356436,0.2143544062915318,0.6350277223126106,none,0
