epoch,train_loss,val_loss,val_accuracy,val_macro_f1,val_weighted_f1,num_val_examples
33,0.3312628399013882,0.458677258326119,0.8524531984739597,0.6936484245310822,0.8284397510848289,11271
