round,train_loss,val_loss,val_accuracy,val_macro_f1,val_weighted_f1,num_train_examples,num_val_examples,fit_duration_sec,local_eval_duration_sec,eval_duration_sec
38,0.0,1.5747361631417962,0.5227822866735649,0.2994792076874912,0.42559858266738837,7.0,60.0,0.0005439999949885532,0.02469899998686742,0.01132681166685264
