client_id,num_test_examples,loss,accuracy,macro_f1,weighted_f1,personalization_mode,fedper_adapt_epochs
1,2799,1.9128537187835242,0.12826009289031798,0.04149329634766528,0.2118693073957957,fedper,1
8,2394,2.1222800192677584,0.011278195488721804,0.028004522589874938,0.019204306241475518,fedper,1
13,2020,2.0145723470366828,0.5995049504950495,0.18769146281697607,0.46957801632252216,fedper,1
18,1210,2.611774943879813,0.0,0.0,0.0,fedper,1
