client_id,num_test_examples,loss,accuracy,macro_f1,weighted_f1,personalization_mode,fedper_adapt_epochs
1,670,1.8101503140890776,0.041791044776119404,0.044123948792115265,0.04753262452001602,none,0
2,589,1.8107336360853679,0.023769100169779286,0.030939226519337015,0.019172865330319203,none,0
8,421,1.8267352272382542,0.13064133016627077,0.0799905168326221,0.09740012546613372,none,0
11,461,1.8221329802287634,0.008676789587852495,0.00851063829787234,0.01705819910462916,none,0
13,443,1.8163827840684499,0.11963882618510158,0.07206656609803652,0.06530469208664662,none,0
14,428,1.7990373551288499,0.12850467289719625,0.09887038626609443,0.1190129557578918,none,0
34,781,1.819820391536522,0.08322663252240717,0.05203801984762834,0.036914355531272515,none,0
