client_id,num_test_examples,loss,accuracy,macro_f1,weighted_f1,personalization_mode,fedper_adapt_epochs
1,2799,2.177523439720129,0.0,0.0,0.0,fedper,1
8,2394,2.048513076159988,0.03467000835421888,0.008711167086481947,0.0024161298853066053,fedper,1
13,2020,2.098644181053237,0.013861386138613862,0.007518796992481203,0.004526166902404526,fedper,1
18,1210,1.7913213469765403,0.005785123966942148,0.002097949256030961,0.0023382897514982125,fedper,1
