client_id,num_test_examples,loss,accuracy,macro_f1,weighted_f1,personalization_mode,fedper_adapt_epochs
1,2799,1.5146436428504144,0.8660235798499464,0.26580324103611075,0.8204685517435615,none,0
8,2394,1.6039573010944186,0.716374269005848,0.3310446401909113,0.6198200241996618,none,0
13,2020,1.6532391474978758,0.6811881188118812,0.2691374012977539,0.607163404282002,none,0
18,1210,1.222476065060324,0.912396694214876,0.2462181696274653,0.8920437000946643,none,0
