client_id,num_test_examples,loss,accuracy,macro_f1,weighted_f1,personalization_mode,fedper_adapt_epochs
0,1083,2.0752428084309194,0.19298245614035087,0.0741422051836612,0.22618339807811813,fedper,1
5,1043,2.1151376668924566,0.12559923298178333,0.044595457081508784,0.06896844482297312,fedper,1
