client_id,num_test_examples,loss,accuracy,macro_f1,weighted_f1,personalization_mode,fedper_adapt_epochs
1,1585,1.8033475718663694,0.42397476340694007,0.27334170787257916,0.32438739609290423,none,0
8,1717,1.8434870795725944,0.35119394292370415,0.22691386511437317,0.2660766736891295,none,0
13,1594,1.8459001629983764,0.3707653701380176,0.25874275472571945,0.33655918321742195,none,0
