epoch,train_loss,val_loss,val_accuracy,val_macro_f1,val_weighted_f1,num_val_examples
4,0.9814597595395066,1.137927871696469,0.5606571187868576,0.5375858466394633,0.5633349068266763,4748
