client_id,num_test_examples,loss,accuracy,macro_f1,weighted_f1,personalization_mode,fedper_adapt_epochs
1,2799,0.9377986815581367,0.8510182207931404,0.15325226790194943,0.7825228341745843,none,0
8,2394,1.2968404139691627,0.633249791144528,0.0969309462915601,0.49105201195657516,none,0
13,2020,1.3676477573885777,0.551980198019802,0.08953019046750522,0.39317043660208045,none,0
