client_id,num_test_examples,loss,accuracy,macro_f1,weighted_f1,personalization_mode,fedper_adapt_epochs
1,387,1.95249730240775,0.21963824289405684,0.10047946949407724,0.09786207031400035,fedper,1
8,449,1.9578633637630063,0.08685968819599109,0.04362904979343336,0.04722654435867969,fedper,1
