round,n_clients_total,n_clients_train_selected,n_clients_eval_selected,train_loss,num_train_examples,fit_duration_sec,local_eval_duration_sec,val_loss,val_accuracy,val_macro_f1,val_weighted_f1,num_val_examples,num_eval_clients,eval_duration_sec
1,24,24,24,1.8032105912764866,768.0,0.8234869458307609,0.045928450002975296,1.7826523916103711,0.030896764917012372,0.009987186463468625,0.0018704110532129937,24.0,24.0,0.052417812499091575
2,24,24,24,1.8254043336733592,1147.0,0.028720977506965704,0.01398605318250193,1.7848647245069555,0.030896764917012362,0.009987186463468625,0.001870411053212994,24.0,24.0,0.011364141665884139
3,24,24,24,1.8673888199906332,1124.0,0.009848484520138999,0.012952928820142715,1.7874495007548612,0.030896764917012372,0.009987186463468625,0.0018704110532129937,24.0,24.0,0.03389481250269455
4,24,24,24,1.4300978339430113,804.0,0.0088354281101805,0.015832285699630053,1.7889911057000578,0.030896764917012372,0.010002120752596462,0.0018733979110385612,24.0,24.0,0.009097116662208768
5,24,24,24,0.0,133.0,0.0007019150364072644,0.010890490232347125,1.7889911048085356,0.030896764917012376,0.010002120752596462,0.0018733979110385612,24.0,24.0,0.009974941668284979
