client_id,num_test_examples,loss,accuracy,macro_f1,weighted_f1,personalization_mode,fedper_adapt_epochs
1,670,1.6410346838965344,0.3522388059701492,0.08990476190476192,0.1900076759061834,none,0
2,589,1.7412212647889789,0.4159592529711375,0.12296110414052697,0.2557340451139992,none,0
8,421,1.8032243580263188,0.1330166270783848,0.1160621761658031,0.07719099602476215,none,0
11,461,1.723930417586304,0.5010845986984815,0.2248175182481752,0.33795778773532625,none,0
13,443,1.7700174726697178,0.2325056433408578,0.13690441868957695,0.08931388194819465,none,0
14,428,1.7557290681054658,0.2850467289719626,0.10701754385964912,0.1525250040990326,none,0
34,781,1.690931537239866,0.31241997439180536,0.17726882363267996,0.1510849582922291,none,0
