client_id,num_test_examples,loss,accuracy,macro_f1,weighted_f1,personalization_mode,fedper_adapt_epochs
1,124,1.7893882759155766,0.1935483870967742,0.05405405405405406,0.06277244986922406,none,0
2,135,1.7921839528613621,0.16296296296296298,0.04670912951167728,0.04567114885586223,none,0
4,139,1.793291886933416,0.1510791366906475,0.043750000000000004,0.03965827338129497,none,0
8,165,1.7894739779559048,0.1696969696969697,0.048359240069084625,0.04923849897943161,none,0
13,184,1.7847812434901362,0.21195652173913043,0.05829596412556054,0.07413725872489764,none,0
27,128,1.7888494729995728,0.15625,0.04504504504504505,0.04222972972972973,none,0
