client_id,num_test_examples,loss,accuracy,macro_f1,weighted_f1,personalization_mode,fedper_adapt_epochs
0,1083,2.1453100567269083,0.0,0.0,0.0,fedper,1
5,1043,2.1525318000826372,0.04314477468839885,0.011306532663316583,0.003989265599329341,fedper,1
