epoch,train_loss,val_loss,val_accuracy,val_macro_f1,val_weighted_f1,num_val_examples
22,1.0955358391570913,1.4367352184800906,0.4791876131107983,0.4019815536089016,0.4312874387031264,14919
