round,n_clients_total,n_clients_train_selected,n_clients_eval_selected,train_loss,num_train_examples,fit_duration_sec,local_eval_duration_sec,val_loss,val_accuracy,val_macro_f1,val_weighted_f1,num_val_examples,num_eval_clients,eval_duration_sec
1,24,24,24,1.7542230635881424,768.0,1.0622074208355723,0.07614452916823211,1.8268081189729344,0.04587992990017736,0.014233585080904406,0.006358349314928273,24.0,24.0,0.017674270835414063
2,24,24,24,1.8192683829363263,1147.0,0.0507604877082901,0.020618258674765848,1.8242464343900726,0.045879929900177356,0.01423358508090441,0.006358349314928271,24.0,24.0,0.013741274999726253
3,24,24,24,1.7843553305096473,1124.0,0.057489626955423666,0.01392896841540129,1.8220134002885668,0.04587992990017736,0.014233585080904408,0.006358349314928271,24.0,24.0,0.012860150001264023
4,24,24,24,1.31554107998141,804.0,0.012362861814591583,0.012913578236243915,1.821259079127646,0.045879929900177356,0.014233585080904406,0.00635834931492827,24.0,24.0,0.012339804167519711
5,24,24,24,0.0,133.0,0.0010148939876589587,0.17026058120103343,1.8212590614256368,0.04587992990017736,0.014233585080904406,0.006358349314928271,24.0,24.0,0.04606950416928157
