round,n_clients_total,n_clients_train_selected,n_clients_eval_selected,train_loss,num_train_examples,fit_duration_sec,local_eval_duration_sec,val_loss,val_accuracy,val_macro_f1,val_weighted_f1,num_val_examples,num_eval_clients,eval_duration_sec
1,24,24,24,1.8408699532349904,768.0,0.9050902333316723,0.06596058333404169,1.7873993229543856,0.045879929900177356,0.014233585080904403,0.006358349314928271,24.0,24.0,0.06946559166438722
2,24,24,24,1.8186263761628474,1147.0,0.05055633313082436,0.026137517261290037,1.7898208253367338,0.04587992990017736,0.01423358508090441,0.00635834931492827,24.0,24.0,0.016896266667269327
3,24,24,24,1.8404591553363936,1124.0,0.02083861013789793,0.016231511208835495,1.7912965537836543,0.04587992990017734,0.014233585080904406,0.006358349314928271,24.0,24.0,0.009371862498179931
4,24,24,24,1.391569924740056,804.0,0.006892598883957783,0.013372011197939694,1.7923184284743747,0.045879929900177356,0.014233585080904403,0.006358349314928271,24.0,24.0,0.012792945838252004
5,24,24,24,0.0,133.0,0.0008752090288361156,0.02789897442803214,1.7923184239330683,0.045879929900177356,0.014233585080904408,0.00635834931492827,24.0,24.0,0.02432312499998564
