client_id,num_test_examples,loss,accuracy,macro_f1,weighted_f1,personalization_mode,fedper_adapt_epochs
1,2799,2.134053528670883,0.021436227224008574,0.006098490623570666,0.0009303520886976329,fedper,1
8,2394,2.109083844306774,0.21512113617376774,0.14021901278566107,0.1049035253823434,fedper,1
13,2020,2.144873825866397,0.0034653465346534654,0.0011344675525892377,0.0015321075638938663,fedper,1
