client_id,num_test_examples,loss,accuracy,macro_f1,weighted_f1,personalization_mode,fedper_adapt_epochs
1,2799,1.71070216757436,0.8735262593783494,0.2808372216969408,0.8183530663404263,none,0
8,2394,1.747056285739443,0.7188805346700083,0.20576109104595247,0.6016141292265564,none,0
13,2020,1.6858508079358847,0.7430693069306931,0.21481445814072933,0.6347068350902887,none,0
18,1210,3.644307741054819,0.06859504132231405,0.1277644776166111,0.040399404421757226,none,0
