epoch,train_loss,val_loss,val_accuracy,val_macro_f1,val_weighted_f1,num_val_examples
2,1.8312803988711315,1.9801925003148948,0.30297813737304186,0.08271113642678149,0.18347736062705497,5809
