round,n_clients_total,n_clients_train_selected,n_clients_eval_selected,train_loss,num_train_examples,fit_duration_sec,local_eval_duration_sec,val_loss,val_accuracy,val_macro_f1,val_weighted_f1,num_val_examples,num_eval_clients,eval_duration_sec
1,24,24,24,1.8738997330268223,768.0,0.8845398833364015,0.05751201666619939,1.7681920432597977,0.23762711138142742,0.06703464456585241,0.10349717631078292,24.0,24.0,0.06719918749998517
2,24,24,24,1.8006687320203707,1147.0,0.009916678984760516,0.013978150560981988,1.7645235915082937,0.2561349843833746,0.09108164518915025,0.14920196822131776,24.0,24.0,0.01271957916833344
3,24,24,24,1.7707202607414476,1124.0,0.029411354450482232,0.012104724373111627,1.760103000027969,0.30410101838599307,0.13131612724827377,0.22957454513309417,24.0,24.0,0.010540970838822735
4,24,24,24,1.3600254401342193,804.0,0.005987748510454172,0.010973880845777962,1.756577385454383,0.3385258749529109,0.14812061011232389,0.25869255537026264,24.0,24.0,0.009837874997174367
5,24,24,24,0.0,133.0,0.0007255428612470291,0.00915248947536671,1.7565773869685941,0.338525874952911,0.14812061011232386,0.25869255537026264,24.0,24.0,0.02921964166428855
