client_id,num_test_examples,loss,accuracy,macro_f1,weighted_f1,personalization_mode,fedper_adapt_epochs
1,124,1.787990839250626,0.16129032258064516,0.10864171122994652,0.1090067276177333,none,0
2,135,1.7818522276701751,0.2074074074074074,0.13588618534769312,0.15073645644048514,none,0
4,139,1.7838524459934921,0.1510791366906475,0.0912816691505216,0.09216352700254103,none,0
8,165,1.7825659679644035,0.13333333333333333,0.09294164261051678,0.0845335679772766,none,0
13,184,1.7901279874469922,0.11956521739130435,0.09379844961240309,0.07196663296258848,none,0
27,128,1.7783564031124115,0.1796875,0.09888196480938416,0.11028712655791788,none,0
