client_id,num_test_examples,loss,accuracy,macro_f1,weighted_f1,personalization_mode,fedper_adapt_epochs
1,124,1.8197713705801195,0.13709677419354838,0.04018912529550827,0.03305879661404713,fedper,1
2,135,1.7966516353465893,0.16296296296296298,0.04670912951167728,0.04567114885586223,fedper,1
4,139,1.7883190988636704,0.19424460431654678,0.05421686746987952,0.06318800381381641,fedper,1
8,165,1.7970615618156665,0.10909090909090909,0.03278688524590164,0.021460506706408346,fedper,1
13,184,1.7775662878285283,0.22282608695652173,0.06074074074074074,0.08120772946859903,fedper,1
27,128,1.7815587222576141,0.1640625,0.07737291947818263,0.07329622132253712,fedper,1
