epoch,train_loss,val_loss,val_accuracy,val_macro_f1,val_weighted_f1,num_val_examples
134,1.2891355849898898,1.4968091563649832,0.4357032191427096,0.30562528555481283,0.3767176705961787,5809
