client_id,num_test_examples,loss,accuracy,macro_f1,weighted_f1,personalization_mode,fedper_adapt_epochs
1,387,1.9420920970828035,0.22997416020671835,0.15212447163470946,0.13126370960500433,none,0
8,449,1.9316804517881907,0.289532293986637,0.1896516731856932,0.1794326927542025,none,0
