client_id,num_test_examples,loss,accuracy,macro_f1,weighted_f1,personalization_mode,fedper_adapt_epochs
1,2799,1.4238629634144393,0.8685244730260807,0.2714105748337698,0.8211941849404555,none,0
8,2394,1.4943632848479893,0.7184628237259816,0.3734999608967914,0.6206400919487125,none,0
13,2020,1.5751285989685815,0.6415841584158416,0.30837132944133394,0.5715256265611728,none,0
18,1210,1.2613828696495246,0.8652892561983471,0.2793277546064254,0.8671828864289811,none,0
