client_id,num_test_examples,loss,accuracy,macro_f1,weighted_f1,personalization_mode,fedper_adapt_epochs
1,2799,2.0362047676786266,0.005001786352268668,0.0014529847794395876,0.007852903790415817,fedper,1
8,2394,2.351658858551816,0.14452798663324978,0.07596933855764627,0.0471190969350093,fedper,1
13,2020,2.1062596710601658,0.04801980198019802,0.04651319922116326,0.0726349409814255,fedper,1
18,1210,2.760433329826544,0.009917355371900827,0.002861912711662294,0.01713599801321762,fedper,1
