client_id,num_test_examples,loss,accuracy,macro_f1,weighted_f1,personalization_mode,fedper_adapt_epochs
1,387,1.9247883841664908,0.1421188630490956,0.06853474996556,0.08677526481427493,fedper,1
8,449,1.950986890060068,0.1514476614699332,0.04857412173080376,0.05283607476652954,fedper,1
