client_id,num_test_examples,loss,accuracy,macro_f1,weighted_f1,personalization_mode,fedper_adapt_epochs
1,670,1.7356756281496875,0.3522388059701492,0.0893939393939394,0.1889280868385346,none,0
2,589,1.7211361095334556,0.4159592529711375,0.14688249400479617,0.2443885299230904,none,0
8,421,1.8310917344059343,0.1330166270783848,0.05870020964360587,0.031232415582346115,none,0
11,461,1.6940792698146465,0.49891540130151846,0.33285094066570187,0.3335729600597706,none,0
13,443,1.806545398305286,0.2325056433408578,0.1431451612903226,0.0908642893551508,none,0
14,428,1.7853661764447935,0.2850467289719626,0.11090909090909092,0.1264570943075616,none,0
34,781,1.744759174986777,0.3111395646606914,0.18105811882802406,0.15346767272506956,none,0
