mean_loss,std_loss,mean_accuracy,std_accuracy,mean_macro_f1,std_macro_f1,mean_weighted_f1,std_weighted_f1,num_clients,num_predictions,evaluation_data_dir,channel_config
3.201768294666918,1.154468945780476,0.3351804980483707,0.014363500675324214,0.2575500837907684,0.09462796854678461,0.398574643435766,0.04503506824080663,2,2126,precomputed/FLAAP_magstd,mag_std
