client_id,num_test_examples,loss,accuracy,macro_f1,weighted_f1
0,1083,2.385435474436259,0.34533702677746997,0.19063800554142962,0.43041924558003924
5,1043,4.018101114897577,0.32502396931927136,0.3244621620401071,0.36673004129149267
