epoch,train_loss,val_loss,val_accuracy,val_macro_f1,val_weighted_f1,num_val_examples
97,0.7641565539070635,2.7543505176360754,0.3366045142296369,0.24379761413202317,0.3470084964140183,1019
