round,n_clients_total,n_clients_train_selected,n_clients_eval_selected,train_loss,num_train_examples,fit_duration_sec,local_eval_duration_sec,val_loss,val_accuracy,val_macro_f1,val_weighted_f1,num_val_examples,num_eval_clients,eval_duration_sec
1,24,24,24,1.8059570839007695,768.0,0.9429435541690813,0.0718355000038476,1.771397280428616,0.3510086336402758,0.08643748293403451,0.18339236967634473,24.0,24.0,0.04457122916937806
2,24,24,24,1.7477709619294277,1147.0,0.11246637532817574,0.01684421290312232,1.7718282185394045,0.35100863364027585,0.08643748293403451,0.18339236967634476,24.0,24.0,0.02151915833504366
3,24,24,24,1.7439234231290444,1124.0,0.06295066031659878,0.018509662640167093,1.772377679702024,0.3510086336402758,0.08643748293403451,0.18339236967634473,24.0,24.0,0.04194127083004181
4,24,24,24,1.3162076998112806,804.0,0.010058785819628656,0.012340281717015884,1.7725448138676738,0.35100863364027585,0.08643748293403451,0.18339236967634473,24.0,24.0,0.014973558335138174
5,24,24,24,0.0,133.0,0.000887620304159722,0.1864232609004283,1.7725447883766972,0.35100863364027585,0.08643748293403451,0.18339236967634476,24.0,24.0,0.018680341666671058
