client_id,num_test_examples,loss,accuracy,macro_f1,weighted_f1,personalization_mode,fedper_adapt_epochs
1,124,1.7838199561642063,0.20967741935483872,0.05777777777777778,0.07268817204301076,none,0
2,135,1.7862742362199007,0.2222222222222222,0.06060606060606061,0.08080808080808081,none,0
4,139,1.7893755641772593,0.2014388489208633,0.05588822355289421,0.06754835652436135,none,0
8,165,1.7936083237330118,0.18181818181818182,0.05128205128205129,0.05594405594405595,none,0
13,184,1.7963301824486775,0.14673913043478262,0.042654028436018954,0.03755409025345147,none,0
27,128,1.7905993461608887,0.2265625,0.061571125265392775,0.08369824840764331,none,0
