epoch,train_loss,val_loss,val_accuracy,val_macro_f1,val_weighted_f1,num_val_examples
114,0.6093614034582977,0.7689804030563046,0.7391454680167943,0.5819624969228193,0.706986605654122,40490
