mean_loss,std_loss,mean_accuracy,std_accuracy,mean_macro_f1,std_macro_f1,mean_weighted_f1,std_weighted_f1,num_clients,num_predictions,evaluation_data_dir,channel_config
0.6372040698473834,0.21862384831053572,0.7446425196135606,0.09487877710851304,0.5977450746809151,0.11880324938666866,0.7446935533918254,0.09378816097956821,7,3793,precomputed/WISDM_AP_magstd,mag_std
