client_id,num_test_examples,loss,accuracy,macro_f1,weighted_f1
1,670,0.46801605182799766,0.8194029850746268,0.5308063115563574,0.7791059105043993
2,589,0.7413030845098868,0.6876061120543294,0.590872492886266,0.7195782749560065
8,421,0.9173865125751269,0.5724465558194775,0.5576743139901035,0.5734520661236501
11,461,0.913508760696378,0.7592190889370932,0.41417680491200837,0.8282201733129849
13,443,0.5162398610642478,0.7155756207674944,0.6259520761168437,0.6842622181734712
14,428,0.3840619159914623,0.8387850467289719,0.7948672989917641,0.8402953786648576
34,781,0.5199123022665846,0.8194622279129321,0.6698662243130622,0.7879408520074086
