epoch,train_loss,val_loss,val_accuracy,val_macro_f1,val_weighted_f1,num_val_examples
25,0.3077850402844999,0.44954559971022984,0.8507836990595611,0.7402779324039401,0.8399939383638703,3190
