client_id,num_test_examples,loss,accuracy,macro_f1,weighted_f1,personalization_mode,fedper_adapt_epochs
1,670,1.7621490012353926,0.3805970149253731,0.09593679458239278,0.2190795458374044,none,0
2,589,1.759708193850234,0.38879456706281834,0.1119804400977995,0.22053872752707543,none,0
8,421,1.7726372239708617,0.4489311163895487,0.15491803278688523,0.2781901016315564,none,0
11,461,1.7473508137684324,0.49891540130151846,0.33285094066570187,0.3321289212716331,none,0
13,443,1.7762348388172433,0.34988713318284426,0.17272927689594356,0.18137966247447057,none,0
14,428,1.7733815362520307,0.32242990654205606,0.12190812720848057,0.1572273042501899,none,0
34,781,1.7557830714385732,0.48911651728553135,0.21291615541922293,0.3215401365246695,none,0
