client_id,num_test_examples,loss,accuracy,macro_f1,weighted_f1,personalization_mode,fedper_adapt_epochs
1,1585,2.111890321274285,0.2914826498422713,0.11430656107668852,0.13835773200931717,fedper,1
8,1717,2.162896040226043,0.0157251019219569,0.004697286012526096,0.0008097825624389775,fedper,1
13,1594,2.078154155122142,0.11982434127979925,0.050740664889054835,0.05409343582135179,fedper,1
