client_id,num_test_examples,loss,accuracy,macro_f1,weighted_f1,personalization_mode,fedper_adapt_epochs
1,670,1.7559718242332116,0.1044776119402985,0.03783783783783784,0.019766034691407825,none,0
2,589,1.7896870666125027,0.06621392190152801,0.03105095541401274,0.008224022147005072,none,0
8,421,1.7623247301776732,0.16389548693586697,0.07040816326530612,0.046158320810509475,none,0
11,461,1.785019764931238,0.0,0.0,0.0,none,0
13,443,1.7764667996434542,0.16252821670428894,0.04660194174757282,0.04544478292314099,none,0
14,428,1.7712673873544853,0.15654205607476634,0.06767676767676768,0.04237704144246201,none,0
34,781,1.7668791327067435,0.07682458386683738,0.023781212841854932,0.010961890682545168,none,0
