client_id,num_test_examples,loss,accuracy,macro_f1,weighted_f1,personalization_mode,fedper_adapt_epochs
1,387,1.9204879112021869,0.18087855297157623,0.04385964912280702,0.05553288907022077,none,0
8,449,1.933055247655159,0.155902004454343,0.03853564547206166,0.04205449060425437,none,0
