mean_loss,std_loss,mean_accuracy,std_accuracy,mean_macro_f1,std_macro_f1,mean_weighted_f1,std_weighted_f1,num_clients,num_predictions,evaluation_data_dir,channel_config
0.5346591938377712,0.2421508907507473,0.8333477957685371,0.08199569034066657,0.44189528016994933,0.06379773802470474,0.7703167587440934,0.11772382123263954,4,8423,precomputed/HARTH_magstd,mag_std
