epoch,train_loss,val_loss,val_accuracy,val_macro_f1,val_weighted_f1,num_val_examples
37,0.5399706638391001,0.6259428230799512,0.7875464056699292,0.4545249035164891,0.7119789647614169,5926
