epoch,train_loss,val_loss,val_accuracy,val_macro_f1,val_weighted_f1,num_val_examples
8,1.158422516189947,1.404058207617481,0.43738656987295826,0.25748809118505134,0.31057447367713165,2204
