client_id,num_test_examples,loss,accuracy,macro_f1,weighted_f1,personalization_mode,fedper_adapt_epochs
5,528,1.8114107991709854,0.11553030303030302,0.0345217883418223,0.023929876009672276,fedper,1
8,517,1.7884019152108197,0.11605415860735009,0.07042253521126761,0.0498542512327349,fedper,1
