client_id,num_test_examples,loss,accuracy,macro_f1,weighted_f1,personalization_mode,fedper_adapt_epochs
1,670,1.7358374029842776,0.3522388059701492,0.10419426048565121,0.18350630951204241,none,0
2,589,1.7401704312585207,0.4159592529711375,0.14688249400479617,0.2443885299230904,none,0
8,421,1.7751433379293338,0.1330166270783848,0.05870020964360587,0.031232415582346115,none,0
11,461,1.7355747349608746,0.5010845986984815,0.3338150289017341,0.3345391395934949,none,0
13,443,1.7816626818400743,0.1670428893905192,0.04771115409413282,0.04781885421624147,none,0
14,428,1.756404784238227,0.2850467289719626,0.11090909090909092,0.1264570943075616,none,0
34,781,1.7506710788504567,0.24839948783610755,0.06632478632478632,0.09885025772349716,none,0
