epoch,train_loss,val_loss,val_accuracy,val_macro_f1,val_weighted_f1,num_val_examples
18,1.302245681543887,1.6168471986239041,0.39163367188844894,0.24815877166838232,0.3364909000681061,5809
