client_id,num_test_examples,loss,accuracy,macro_f1,weighted_f1,personalization_mode,fedper_adapt_epochs
1,670,1.6593105949572662,0.491044776119403,0.27903352613505605,0.36009171010858343,none,0
2,589,1.7418384968930878,0.34465195246179964,0.24546227936058446,0.3489872224297133,none,0
8,421,1.7601904450006554,0.29453681710213775,0.32705809257533397,0.18381270942496272,none,0
11,461,1.7145291985762094,0.5010845986984815,0.3333333333333333,0.5010845986984815,none,0
13,443,1.754375317295841,0.3295711060948081,0.20194743807903195,0.20081766023182832,none,0
14,428,1.7481191503667386,0.4322429906542056,0.3346927497789567,0.33593689316377034,none,0
34,781,1.689996792015437,0.47247119078104993,0.2855365713876352,0.4760504326783238,none,0
