client_id,num_test_examples,loss,accuracy,macro_f1,weighted_f1,personalization_mode,fedper_adapt_epochs
1,670,1.7603082422000258,0.21194029850746268,0.1392270142471461,0.22508717247091364,fedper,1
2,589,1.8131431673095262,0.06791171477079797,0.026238286479250333,0.018851637449628738,fedper,1
8,421,1.7519106850771327,0.47980997624703087,0.16478450019399524,0.37850081875653363,fedper,1
11,461,1.9448179200517899,0.3210412147505423,0.13553113553113552,0.2704742834894679,fedper,1
13,443,1.8554310440748056,0.20090293453724606,0.12437416747048828,0.10417807854858592,fedper,1
14,428,1.7878328171845908,0.21962616822429906,0.08370806420843213,0.13026116417835176,fedper,1
34,781,1.8406588013132463,0.0499359795134443,0.03447054876738322,0.04687662012768476,fedper,1
