round,train_loss,val_loss,val_accuracy,val_macro_f1,val_weighted_f1,num_train_examples,num_val_examples,fit_duration_sec,local_eval_duration_sec,eval_duration_sec
25,0.0,1.735898857228218,0.25857782139933777,0.12471497209484497,0.2123736178488031,4.0,28.0,0.0012055999977746978,0.01658080000197515,0.014556057143896137
