client_id,num_test_examples,loss,accuracy,macro_f1,weighted_f1,personalization_mode,fedper_adapt_epochs
1,670,1.7128284586009694,0.3805970149253731,0.11027027027027028,0.20984267849939495,fedper,1
2,589,1.8657261256653506,0.0,0.0,0.0,fedper,1
8,421,1.7750820561429383,0.25415676959619954,0.09890109890109891,0.12310302524079246,fedper,1
11,461,1.8990628802078149,0.03036876355748373,0.028688524590163935,0.05725258703460048,fedper,1
13,443,1.8250946740264549,0.1670428893905192,0.05776736924277908,0.05789776962481695,fedper,1
14,428,1.7271209609842746,0.37383177570093457,0.25907827699907415,0.25884379238138083,fedper,1
34,781,2.009488085778514,0.08066581306017925,0.024881516587677722,0.012042526594292162,fedper,1
