client_id,num_test_examples,loss,accuracy,macro_f1,weighted_f1,personalization_mode,fedper_adapt_epochs
1,2799,1.7068120106154998,0.8749553411932833,0.2440150851718975,0.8195275205988636,none,0
8,2394,1.718311125373681,0.7188805346700083,0.20576109104595247,0.6016141292265564,none,0
13,2020,1.7048633275645795,0.7415841584158416,0.21532873438518169,0.6336835401170131,none,0
