round,n_clients_total,n_clients_train_selected,n_clients_eval_selected,train_loss,num_train_examples,fit_duration_sec,local_eval_duration_sec,val_loss,val_accuracy,val_macro_f1,val_weighted_f1,num_val_examples,num_eval_clients,eval_duration_sec
1,24,24,24,1.7960938463608425,768.0,1.1982777166655676,0.08233676666714018,1.795893669454041,0.2396761424212753,0.1132739868970644,0.19622656230468616,24.0,24.0,0.11049457916912313
2,24,24,24,1.8204417865798073,1147.0,0.01766195039416289,0.023508809763981224,1.7945795052903393,0.2723631597832152,0.12676897836908033,0.20842450007832544,24.0,24.0,0.04683743332983189
3,24,24,24,1.8084668386661285,1124.0,0.01943453363075275,0.02557348478718572,1.7929306431220098,0.2922285086516413,0.13216405002572754,0.216642309087416,24.0,24.0,0.021649975003432093
4,24,24,24,1.3609994222868735,804.0,0.007065712313744904,0.012335790422877102,1.792246520200238,0.2939181000656587,0.13489551949189685,0.2194788251789307,24.0,24.0,0.011727016668980164
5,24,24,24,0.0,133.0,0.0006839030057268875,0.009604590226540734,1.7922465298888695,0.2939181000656587,0.13489551949189685,0.21947882517893066,24.0,24.0,0.0175986541689781
