client_id,num_test_examples,loss,accuracy,macro_f1,weighted_f1,personalization_mode,fedper_adapt_epochs
1,124,1.793765990964828,0.2903225806451613,0.15757978723404256,0.1735372340425532,none,0
2,135,1.7894429666024667,0.37777777777777777,0.19196428571428573,0.23002645502645505,none,0
4,139,1.7896851901527788,0.33093525179856115,0.17424242424242423,0.1998037933289732,none,0
8,165,1.7880658821626143,0.3878787878787879,0.199910434393193,0.24349685841848853,none,0
13,184,1.7910075135852979,0.33695652173913043,0.17714424951267058,0.19766240783117214,none,0
27,128,1.7885899543762207,0.2890625,0.14728921871779013,0.18491515924551638,none,0
