client_id,num_test_examples,loss,accuracy,macro_f1,weighted_f1,personalization_mode,fedper_adapt_epochs
5,528,1.789334976311886,0.1534090909090909,0.04433497536945813,0.040808329601433053,fedper,1
8,517,1.7817525088902368,0.2263056092843327,0.06565656565656565,0.08915069456655529,fedper,1
