client_id,num_test_examples,loss,accuracy,macro_f1,weighted_f1,personalization_mode,fedper_adapt_epochs
1,2799,2.20452464193308,0.0007145409074669524,0.00020569782988789467,1.0288565982245536e-06,fedper,1
8,2394,2.122737879541982,0.018379281537176273,0.0362031855359449,0.010465082685668588,fedper,1
13,2020,2.083437209554238,0.08762376237623762,0.05777587072625882,0.016519095300248556,fedper,1
18,1210,2.7506552321851747,0.0008264462809917355,0.03636363636363636,0.0004507888805409466,fedper,1
