client_id,num_test_examples,loss,accuracy,macro_f1,weighted_f1,personalization_mode,fedper_adapt_epochs
1,2799,1.379133195398364,0.8620936048588782,0.22345390106104412,0.8117597177486553,none,0
8,2394,1.4287906624221165,0.7255639097744361,0.3339624066037314,0.6103387243106648,none,0
13,2020,1.4357146409478518,0.7495049504950495,0.34048781402324707,0.6429211581225613,none,0
