round,train_loss,val_loss,val_accuracy,val_macro_f1,val_weighted_f1,num_train_examples,num_val_examples,fit_duration_sec,local_eval_duration_sec,eval_duration_sec
67,0.0,1.1752884898000524,0.2704463692322137,0.14242692282864094,0.20131975210312686,14.0,113.0,0.00044929998693987727,0.02227349999884609,0.00872394070789049
