epoch,train_loss,val_loss,val_accuracy,val_macro_f1,val_weighted_f1,num_val_examples
56,0.3277055787348359,0.46976852798251606,0.8536066010114453,0.6905224344658222,0.827852467630469,11271
