client_id,num_test_examples,loss,accuracy,macro_f1,weighted_f1
1,1585,0.8984335792929592,0.5242902208201893,0.5368665598670296,0.4806088721396922
8,1717,0.8727740499608102,0.6732673267326733,0.6566143046494686,0.6381785263174516
13,1594,1.159347708356874,0.6304893350062736,0.552853166830539,0.6043813283126039
