epoch,train_loss,val_loss,val_accuracy,val_macro_f1,val_weighted_f1,num_val_examples
43,0.8399969325769716,1.142556357162037,0.5832628909551987,0.3484104035322291,0.5599646604260741,1183
