client_id,num_test_examples,loss,accuracy,macro_f1,weighted_f1,personalization_mode,fedper_adapt_epochs
5,528,1.8021564122402307,0.11742424242424243,0.03908683908683909,0.02783218465036647,none,0
8,517,1.8008440251046038,0.10444874274661509,0.031578947368421054,0.01979028809935865,none,0
