client_id,num_test_examples,loss,accuracy,macro_f1,weighted_f1,personalization_mode,fedper_adapt_epochs
1,2799,1.6153695704298983,0.8731689889246159,0.31047329613361185,0.8283829770758112,none,0
8,2394,1.6654594457438316,0.7255639097744361,0.3472220975430218,0.6208550449817931,none,0
13,2020,1.6930882387822217,0.750990099009901,0.38751172006407186,0.6657070631508727,none,0
