epoch,train_loss,val_loss,val_accuracy,val_macro_f1,val_weighted_f1,num_val_examples
30,0.6268130727953173,0.8609271940054166,0.6501684919966302,0.6600484694252574,0.6561821267195607,4748
