client_id,num_test_examples,loss,accuracy,macro_f1,weighted_f1,personalization_mode,fedper_adapt_epochs
5,528,1.7912524505095049,0.19696969696969696,0.0549392498679345,0.06492820438937713,none,0
8,517,1.7945361407167446,0.2263056092843327,0.061514195583596214,0.08352604506708808,none,0
