client_id,num_test_examples,loss,accuracy,macro_f1,weighted_f1,personalization_mode,fedper_adapt_epochs
5,528,1.7956676916642622,0.14393939393939395,0.04194260485651214,0.03622315873971503,none,0
8,517,1.7959157200800382,0.11798839458413926,0.03517877739331026,0.024904124808416937,none,0
