client_id,num_test_examples,loss,accuracy,macro_f1,weighted_f1,personalization_mode,fedper_adapt_epochs
5,528,1.799585840918801,0.14204545454545456,0.04145936981757877,0.035805819387908944,none,0
8,517,1.7934644452838417,0.11798839458413926,0.03517877739331026,0.024904124808416937,none,0
