client_id,num_test_examples,loss,accuracy,macro_f1,weighted_f1,personalization_mode,fedper_adapt_epochs
1,1585,2.0195440400662106,0.24037854889589905,0.1039729177468801,0.10214871511400006,fedper,1
8,1717,2.011178048322141,0.24053581828771112,0.09372826626924988,0.11248480682205154,fedper,1
13,1594,2.0460883066376,0.2051442910915935,0.10687693643266216,0.13444211102121015,fedper,1
