client_id,num_test_examples,loss,accuracy,macro_f1,weighted_f1,personalization_mode,fedper_adapt_epochs
1,387,1.919863025655426,0.18087855297157623,0.0437636761487965,0.05541137290157696,none,0
8,449,1.92829236368294,0.15367483296213807,0.038058466629895205,0.04094039951500976,none,0
