client_id,num_test_examples,loss,accuracy,macro_f1,weighted_f1,personalization_mode,fedper_adapt_epochs
1,670,1.8952841289007842,0.3805970149253731,0.11027027027027028,0.20984267849939495,fedper,1
2,589,1.738293800572588,0.3531409168081494,0.18687081326302218,0.36783719946317417,fedper,1
8,421,1.8108761483303442,0.25415676959619954,0.09264069264069265,0.11772629587356429,fedper,1
11,461,1.9182242258510465,0.0,0.0,0.0,fedper,1
13,443,1.8534982578479948,0.11963882618510158,0.12990196078431374,0.09500730314699243,fedper,1
14,428,1.7628437804284496,0.32242990654205606,0.12212389380530973,0.15750558266479198,fedper,1
34,781,1.8000692692364682,0.40717029449423814,0.1320049813200498,0.336688761574314,fedper,1
