mean_loss,std_loss,mean_accuracy,std_accuracy,mean_macro_f1,std_macro_f1,mean_weighted_f1,std_weighted_f1,num_clients,num_predictions,evaluation_data_dir,channel_config
0.32964810195071215,0.23318366215851669,0.842605632731244,0.13947641537982985,0.6037210275511121,0.16667658520987944,0.796600136495014,0.1719586299682715,28,13982,precomputed/partB_blockA_magstd,mag_std
