epoch,train_loss,val_loss,val_accuracy,val_macro_f1,val_weighted_f1,num_val_examples
7,0.36413754269702164,0.39462347172070783,0.8493478839499601,0.6041022019711181,0.7952148555105492,11271
