client_id,num_test_examples,loss,accuracy,macro_f1,weighted_f1,personalization_mode,fedper_adapt_epochs
1,670,1.7694825403725922,0.19402985074626866,0.12072744505657247,0.16022782833654722,none,0
2,589,1.790594629804226,0.0730050933786078,0.031586993133825625,0.021694291267705133,none,0
8,421,1.7987879217378884,0.171021377672209,0.07712910650763757,0.060065339303633926,none,0
11,461,1.779937598813899,0.04772234273318872,0.043478260869565216,0.08714514759973592,none,0
13,443,1.7807782678518016,0.17155756207674944,0.06421491523731056,0.06307759600019816,none,0
14,428,1.783655777155796,0.1588785046728972,0.05761308728705948,0.04718386258003355,none,0
34,781,1.7840250454242037,0.15492957746478872,0.10529603900557512,0.12998395516471356,none,0
