epoch,train_loss,val_loss,val_accuracy,val_macro_f1,val_weighted_f1,num_val_examples
14,1.019441596698016,1.4176042508114912,0.4860911958703757,0.40717157182665187,0.4304268131831665,3487
