client_id,num_test_examples,loss,accuracy,macro_f1,weighted_f1,personalization_mode,fedper_adapt_epochs
0,1083,2.1286993894110315,0.010156971375807941,0.01028811941334722,0.009323614603864654,fedper,1
5,1043,2.128826820496059,0.17737296260786195,0.08936273487923417,0.13477112135985736,fedper,1
