client_id,num_test_examples,loss,accuracy,macro_f1,weighted_f1,personalization_mode,fedper_adapt_epochs
1,387,1.9291138414880717,0.12144702842377261,0.05833352814207011,0.05425271298096892,none,0
8,449,1.9328743965429294,0.12694877505567928,0.05265681349148443,0.04444918210839985,none,0
