client_id,num_test_examples,loss,accuracy,macro_f1,weighted_f1,personalization_mode,fedper_adapt_epochs
1,670,1.77296884059906,0.11044776119402985,0.04933333333333333,0.03445970149253731,none,0
2,589,1.7728950872081244,0.2699490662139219,0.16,0.26112054329371814,none,0
8,421,1.7690335568792745,0.332541567695962,0.11290322580645162,0.2534288560263582,none,0
11,461,1.7672785520553589,0.04772234273318872,0.04263565891472868,0.08508634750878609,none,0
13,443,1.7815230772672872,0.16478555304740405,0.08933558785920992,0.13534458674520175,none,0
14,428,1.7795890458276338,0.13317757009345793,0.06909090909090909,0.11138487680543756,none,0
34,781,1.767435379583918,0.10115236875800256,0.04051282051282051,0.02552152073278834,none,0
