client_id,num_test_examples,loss,accuracy,macro_f1,weighted_f1,personalization_mode,fedper_adapt_epochs
1,2799,1.7279675563091292,0.8453018935334048,0.18338891741629762,0.8040106034497475,none,0
8,2394,1.7023965671048527,0.7121971595655806,0.2636442523838543,0.6011307181854885,none,0
13,2020,1.6740593947986564,0.7465346534653465,0.33107929157313976,0.6447182819825964,none,0
18,1210,0.48024533927933244,0.9231404958677686,0.4750063089539457,0.8996201362694639,none,0
