client_id,num_test_examples,loss,accuracy,macro_f1,weighted_f1,personalization_mode,fedper_adapt_epochs
1,1585,2.054740031058856,0.2605678233438486,0.10399797570850203,0.11457489878542511,none,0
8,1717,2.0613366802140036,0.26499708794408855,0.1057348518375453,0.1129517579289365,none,0
13,1594,2.055819593678454,0.18193224592220827,0.05182273052180129,0.1136588870164475,none,0
