client_id,num_test_examples,loss,accuracy,macro_f1,weighted_f1,personalization_mode,fedper_adapt_epochs
1,1585,1.8945300207529159,0.33943217665615144,0.2021577083767099,0.22819468624249187,none,0
8,1717,1.9300678701128595,0.3197437390797903,0.20420721404603315,0.2390478621644953,none,0
13,1594,1.8926671837623625,0.34190715181932246,0.2506440032421706,0.2848722778443937,none,0
