client_id,num_test_examples,loss,accuracy,macro_f1,weighted_f1,personalization_mode,fedper_adapt_epochs
1,2799,1.3543026214754978,0.8663808503036798,0.2251380792591118,0.8144652998126357,none,0
8,2394,1.4409227916969294,0.7255639097744361,0.3343827735881901,0.6106280997452463,none,0
13,2020,1.4424638948818245,0.749009900990099,0.3452947244379416,0.6494417085401726,none,0
