client_id,num_test_examples,loss,accuracy,macro_f1,weighted_f1,personalization_mode,fedper_adapt_epochs
0,1083,2.030749176347685,0.11634349030470914,0.0711864406779661,0.06349593877646838,none,0
5,1043,2.0594287821567643,0.08245445829338446,0.03542732873171525,0.0550380738812888,none,0
