client_id,num_test_examples,loss,accuracy,macro_f1,weighted_f1,personalization_mode,fedper_adapt_epochs
1,1585,2.3909467131557527,0.10410094637223975,0.03881656577054885,0.044160875822974135,fedper,1
8,1717,2.083336584638841,0.2539312754804892,0.15934709138495673,0.1676912869089817,fedper,1
13,1594,2.201902505295489,0.12358845671267252,0.07457023016464888,0.1197724069006238,fedper,1
