client_id,num_test_examples,loss,accuracy,macro_f1,weighted_f1,personalization_mode,fedper_adapt_epochs
1,387,1.9505143371971387,0.15503875968992248,0.040622884224779957,0.051434659612770495,none,0
8,449,1.9416186867949692,0.13140311804008908,0.03426248548199768,0.03685697213319571,none,0
