client_id,num_test_examples,loss,accuracy,macro_f1,weighted_f1,personalization_mode,fedper_adapt_epochs
1,1585,2.2494669326096304,0.1501577287066246,0.03289110005527916,0.03951082303170443,fedper,1
8,1717,2.0718817279029182,0.029120559114735003,0.010372986610647329,0.013622909389908002,fedper,1
13,1594,2.1134473897582167,0.14052697616060225,0.06815438974030884,0.08139401109352443,fedper,1
