client_id,num_test_examples,loss,accuracy,macro_f1,weighted_f1,personalization_mode,fedper_adapt_epochs
1,670,1.7788282269862161,0.28507462686567164,0.1630121574150519,0.2665744416666606,none,0
2,589,1.7975924567577186,0.12393887945670629,0.04569640062597809,0.02831780344394228,none,0
8,421,1.810675904190172,0.028503562945368172,0.012121212121212121,0.01848412869790542,none,0
11,461,1.7893801723281628,0.0021691973969631237,0.0021551724137931034,0.00431969481636622,none,0
13,443,1.7941379103111628,0.2618510158013544,0.14447075071520174,0.10989567084442015,none,0
14,428,1.8050446744277098,0.23130841121495327,0.06261859582542695,0.08866090904254376,none,0
34,781,1.7703537325852965,0.3290653008962868,0.2516162618494546,0.2532348169686328,none,0
