client_id,num_test_examples,loss,accuracy,macro_f1,weighted_f1,personalization_mode,fedper_adapt_epochs
5,528,1.7916900967106675,0.16287878787878787,0.04738292011019284,0.04738292011019284,none,0
8,517,1.790895753949016,0.12572533849129594,0.03755054881571346,0.02832633276233704,none,0
