epoch,train_loss,val_loss,val_accuracy,val_macro_f1,val_weighted_f1,num_val_examples
44,0.5809274801541806,0.768062710561009,0.7139828262482774,0.5099732102641484,0.670075134869149,9433
