round,train_loss,val_loss,val_accuracy,val_macro_f1,val_weighted_f1,num_train_examples,num_val_examples,fit_duration_sec,local_eval_duration_sec,eval_duration_sec
10,0.0,2.393623179454599,0.10660831104926616,0.032571639369522544,0.04241574793635163,3.0,65.0,0.000767299992730841,0.008986100001493469,0.007261950771163146
