client_id,num_test_examples,loss,accuracy,macro_f1,weighted_f1,personalization_mode,fedper_adapt_epochs
1,1585,1.8110659020180206,0.4416403785488959,0.24724058293386747,0.2897129669323972,none,0
8,1717,1.84835556501834,0.32731508444962143,0.19103188839732035,0.19685326683498405,none,0
13,1594,1.858090899819263,0.44416562107904645,0.33872004135338774,0.29063369354897195,none,0
