client_id,num_test_examples,loss,accuracy,macro_f1,weighted_f1,personalization_mode,fedper_adapt_epochs
0,1083,2.1273105926020546,0.10064635272391505,0.05898628503279666,0.041983557896719016,none,0
5,1043,2.101308946298616,0.062320230105465,0.03209325221532884,0.026410265810553387,none,0
