round,train_loss,val_loss,val_accuracy,val_macro_f1,val_weighted_f1,num_train_examples,num_val_examples,fit_duration_sec,local_eval_duration_sec,eval_duration_sec
34,2.0144245624542236,2.153377014432752,0.007699857530940724,0.0042869323733619735,0.0012703288284869844,46.0,6.0,0.004218799993395805,0.009216599981300533,0.022035849998549868
