client_id,num_test_examples,loss,accuracy,macro_f1,weighted_f1,personalization_mode,fedper_adapt_epochs
5,528,1.7789929635596997,0.23484848484848486,0.1002096171507491,0.1249764985331898,none,0
8,517,1.7681048668099557,0.23984526112185686,0.08008130081300813,0.10951077982733405,none,0
