client_id,num_test_examples,loss,accuracy,macro_f1,weighted_f1,personalization_mode,fedper_adapt_epochs
1,670,1.7778021147002034,0.34626865671641793,0.16079444670712792,0.29283192843777217,none,0
2,589,1.8008881238603835,0.1867572156196944,0.10954079458016468,0.24119582022339933,none,0
8,421,1.8342864841859867,0.04513064133016627,0.08444444444444445,0.0673950910530483,none,0
11,461,1.8041294614042998,0.19088937093275488,0.10699088145896656,0.26805741450131537,none,0
13,443,1.7802761424475815,0.19187358916478556,0.2057631340974019,0.1684858451111798,none,0
14,428,1.8045626811892073,0.13551401869158877,0.1091030163040651,0.18497026948105275,none,0
34,781,1.7760735244970773,0.31370038412291934,0.26823297313437505,0.26297460886144863,none,0
