epoch,train_loss,val_loss,val_accuracy,val_macro_f1,val_weighted_f1,num_val_examples
35,0.6111064387805527,0.7585740548152096,0.7247730053448387,0.5288870960942984,0.6751849758328108,15529
