client_id,num_test_examples,loss,accuracy,macro_f1,weighted_f1,personalization_mode,fedper_adapt_epochs
1,670,1.8132080501584864,0.05522388059701493,0.02775908199060586,0.021593950693645156,none,0
2,589,1.843089505852989,0.0,0.0,0.0,none,0
8,421,1.8635627826998749,0.0,0.0,0.0,none,0
11,461,1.8500971382972733,0.013015184381778741,0.016877637130801686,0.025371372085999065,none,0
13,443,1.8235973176245766,0.12189616252821671,0.03621730382293763,0.026488502118807652,none,0
14,428,1.837367569174722,0.0,0.0,0.0,none,0
34,781,1.8204424859009083,0.25224071702944945,0.16575632657735026,0.2172758986070321,none,0
