client_id,num_test_examples,loss,accuracy,macro_f1,weighted_f1,personalization_mode,fedper_adapt_epochs
1,2799,2.6234266028825024,0.0014290818149339049,0.0018771350620171035,0.0002988516519812431,fedper,1
8,2394,2.7466688395144048,0.005847953216374269,0.0075238809664874675,0.005513255129411799,fedper,1
13,2020,2.2613662360918405,0.02128712871287129,0.014024276788377909,0.024541739319255587,fedper,1
