client_id,num_test_examples,loss,accuracy,macro_f1,weighted_f1
1,2799,0.8721125190834694,0.4683815648445874,0.3016111600425383,0.546536748100834
8,2394,0.8735232273578527,0.6967418546365914,0.6219969813822968,0.6873459857565409
13,2020,0.7547317203908863,0.6059405940594059,0.6009694218984873,0.6294116032765885
