epoch,train_loss,val_loss,val_accuracy,val_macro_f1,val_weighted_f1,num_val_examples
50,0.44603411726836495,0.7133114731388602,0.7189703808180536,0.5860803681204132,0.7148519617725912,5672
