client_id,num_test_examples,loss,accuracy,macro_f1,weighted_f1,personalization_mode,fedper_adapt_epochs
1,2799,1.7157955740383157,0.872454448017149,0.279503046458492,0.8174601648886136,none,0
8,2394,1.7337512037807838,0.7188805346700083,0.20576109104595247,0.6016141292265564,none,0
13,2020,1.7140790542753617,0.7420792079207921,0.21615013411360962,0.6342787569698621,none,0
18,1210,2.2907961199106266,0.06859504132231405,0.1277644776166111,0.040399404421757226,none,0
