epoch,train_loss,val_loss,val_accuracy,val_macro_f1,val_weighted_f1,num_val_examples
137,0.6227419085626025,0.7284703910232577,0.7435765342262863,0.5443634191299643,0.6851500656230923,15529
