client_id,num_test_examples,loss,accuracy,macro_f1,weighted_f1,personalization_mode,fedper_adapt_epochs
1,387,1.9495180016648246,0.16279069767441862,0.07539015606242497,0.07168262653898769,fedper,1
8,449,1.9498986011093071,0.18485523385300667,0.08549287304013393,0.09196672088727101,fedper,1
