client_id,num_test_examples,loss,accuracy,macro_f1,weighted_f1,personalization_mode,fedper_adapt_epochs
1,2799,1.669304131141259,0.8463737048946052,0.18784629351441356,0.8053068452890653,none,0
8,2394,1.7048415095983391,0.7088554720133667,0.258637610948425,0.6024969397316309,none,0
13,2020,1.6675848932549504,0.744059405940594,0.3424192429590964,0.6550929952184248,none,0
