client_id,num_test_examples,loss,accuracy,macro_f1,weighted_f1,personalization_mode,fedper_adapt_epochs
0,1083,2.1476367596444,0.14773776546629733,0.0517799352750809,0.038488317540572595,fedper,1
5,1043,2.066757013790902,0.137104506232023,0.08303564684770563,0.05049352523761518,fedper,1
