round,train_loss,val_loss,val_accuracy,val_macro_f1,val_weighted_f1,num_train_examples,num_val_examples,fit_duration_sec,local_eval_duration_sec,eval_duration_sec
34,0.0,2.099751184954581,0.1915964950463568,0.06568724437013401,0.1414801149324285,30.0,6.0,0.0010016000014729798,0.010440400015795603,0.02800776666845195
