client_id,num_test_examples,loss,accuracy,macro_f1,weighted_f1,personalization_mode,fedper_adapt_epochs
1,2799,1.408983539538368,0.8563772775991425,0.18062794995282477,0.8073614226189936,none,0
8,2394,1.5100092068252309,0.7034252297410192,0.23734363711170328,0.5941663377210716,none,0
13,2020,1.5185386940984442,0.7415841584158416,0.30163252895451037,0.6384891090983419,none,0
18,1210,0.5098702502644752,0.9223140495867769,0.4582431637987193,0.8987254176648116,none,0
