client_id,num_test_examples,loss,accuracy,macro_f1,weighted_f1,personalization_mode,fedper_adapt_epochs
1,670,1.7336744529097827,0.3805970149253731,0.14366197183098592,0.2733865881858314,none,0
2,589,1.7406865234893125,0.3938879456706282,0.14129110840438489,0.22261145772371677,none,0
8,421,1.721633860730785,0.4489311163895487,0.15491803278688523,0.2781901016315564,none,0
11,461,1.7149950252954975,0.49891540130151846,0.23445463812436287,0.35091908960045637,none,0
13,443,1.7533128245420435,0.28442437923250563,0.07777777777777778,0.13273137697516932,none,0
14,428,1.7484457481687314,0.32242990654205606,0.12212389380530973,0.15750558266479198,none,0
34,781,1.731463560221595,0.42509603072983354,0.12042074718897351,0.30714228988532044,none,0
