client_id,num_test_examples,loss,accuracy,macro_f1,weighted_f1,personalization_mode,fedper_adapt_epochs
1,387,1.920234110928321,0.18087855297157623,0.0437636761487965,0.05541137290157696,none,0
8,449,1.9283038290146997,0.155902004454343,0.03868471953578336,0.04221717722167895,none,0
