client_id,num_test_examples,loss,accuracy,macro_f1,weighted_f1,personalization_mode,fedper_adapt_epochs
1,2799,1.8317392047876628,0.5952125759199715,0.12398802893504914,0.6543992545339027,none,0
8,2394,1.793415395837081,0.7030075187969925,0.3126286335963755,0.5935086737576833,none,0
13,2020,1.7398773183917056,0.7024752475247524,0.32100404215055356,0.6051408982944673,none,0
18,1210,0.7496257185935974,0.9107438016528926,0.3849206349206349,0.8921553194280466,none,0
