epoch,train_loss,val_loss,val_accuracy,val_macro_f1,val_weighted_f1,num_val_examples
43,0.4337908276150555,0.5761536586027042,0.7976712791090111,0.6052269464025701,0.7616948542645091,5926
