client_id,num_test_examples,loss,accuracy,macro_f1,weighted_f1,personalization_mode,fedper_adapt_epochs
5,528,1.7935428619384766,0.14772727272727273,0.09571132800946465,0.08554757871528057,fedper,1
8,517,1.8156237115712415,0.11798839458413926,0.03517877739331026,0.024904124808416937,fedper,1
