client_id,num_test_examples,loss,accuracy,macro_f1,weighted_f1,personalization_mode,fedper_adapt_epochs
1,2799,1.64340046181258,0.8638799571275455,0.24782926088316773,0.8058107069079159,none,0
8,2394,1.7209306024170559,0.7034252297410192,0.19653702700985834,0.5879851880927174,none,0
13,2020,1.7291696383221316,0.7341584158415841,0.21626226306834997,0.6288210153597581,none,0
18,1210,1.951344573005172,0.06446280991735537,0.02422360248447205,0.007807607412350495,none,0
