client_id,num_test_examples,loss,accuracy,macro_f1,weighted_f1,personalization_mode,fedper_adapt_epochs
1,2799,1.2971681262732149,0.8538763844230082,0.14586187583473353,0.7917468601151261,none,0
8,2394,1.4156742121840677,0.6449456975772765,0.12827985016320578,0.5165139203426767,none,0
13,2020,1.5061962016738288,0.5717821782178217,0.11535743149198557,0.4383442265908199,none,0
18,1210,2.5914745401745,0.06611570247933884,0.021294190666800453,0.011286858498090429,none,0
