client_id,num_test_examples,loss,accuracy,macro_f1,weighted_f1,personalization_mode,fedper_adapt_epochs
5,528,1.7941845366449067,0.1534090909090909,0.04433497536945813,0.040808329601433053,none,0
8,517,1.7893406208064155,0.19148936170212766,0.053571428571428575,0.06155015197568389,none,0
