epoch,train_loss,val_loss,val_accuracy,val_macro_f1,val_weighted_f1,num_val_examples
28,0.9742647842712389,1.4068079637455966,0.4665104740904079,0.43687309555358045,0.4155333959189726,7256
