client_id,num_test_examples,loss,accuracy,macro_f1,weighted_f1,personalization_mode,fedper_adapt_epochs
1,2799,2.087943855205916,0.01607717041800643,0.02612523488292099,0.009529857520446362,fedper,1
8,2394,1.9380250319701589,0.018379281537176273,0.015192565418144035,0.02768610308543475,fedper,1
13,2020,2.7966365894468703,0.01287128712871287,0.017667343827058087,0.0017239498614565303,fedper,1
