client_id,num_test_examples,loss,accuracy,macro_f1,weighted_f1,personalization_mode,fedper_adapt_epochs
1,670,1.8220041605963635,0.16716417910447762,0.08470197945344075,0.18087870568124245,fedper,1
2,589,1.9292965382590561,0.028862478777589132,0.022895622895622896,0.007580044931488055,fedper,1
8,421,1.8089321528930846,0.14489311163895488,0.0944854477092327,0.08960419766995315,fedper,1
11,461,1.9036238384867439,0.02386117136659436,0.014159427919627973,0.04240483995388671,fedper,1
13,443,1.7940459813813323,0.12189616252821671,0.08901322831078634,0.10087274792565482,fedper,1
14,428,1.784742679551383,0.0794392523364486,0.07794930649209142,0.11023085782367953,fedper,1
34,781,1.7019025125515752,0.2880921895006402,0.16424345524308792,0.275648810372452,fedper,1
