round,n_clients_total,n_clients_train_selected,n_clients_eval_selected,train_loss,num_train_examples,fit_duration_sec,local_eval_duration_sec,val_loss,val_accuracy,val_macro_f1,val_weighted_f1,num_val_examples,num_eval_clients,eval_duration_sec
1,24,24,24,1.8078480164210002,768.0,1.077228712496435,0.08189945833388872,1.7921383453447468,0.17377309636809965,0.06330740434252478,0.0930018947936862,24.0,24.0,0.11141244583632215
2,24,24,24,1.8047604660193126,768.0,0.020430908333461655,0.01643479583314426,1.7911844325869364,0.19040550059241565,0.06759787521692404,0.1039714264943654,24.0,24.0,0.014277941662536856
3,24,24,24,1.7385024423674336,762.0,0.06447863936857529,0.012792491605212017,1.7909662945938936,0.19106051363624513,0.07068835719203065,0.10975521886582805,24.0,24.0,0.01070488333425601
4,24,24,24,0.7705617415166535,452.0,0.00655899712419502,0.011553967032961205,1.7910801728991619,0.1849286195907481,0.06822296350636924,0.10366537932406124,24.0,24.0,0.014126150001781449
5,24,24,24,0.0,37.0,0.0011406837776932563,0.06773734324913774,1.791080162293831,0.18492861959074813,0.06822296350636924,0.10366537932406127,24.0,24.0,0.00812397499976214
