client_id,num_test_examples,loss,accuracy,macro_f1,weighted_f1,personalization_mode,fedper_adapt_epochs
1,124,1.7816981538649528,0.20161290322580644,0.06914684875598462,0.0813401490235992,fedper,1
2,135,1.800029582447476,0.3111111111111111,0.16090736572664285,0.15019197669800077,fedper,1
4,139,1.7954833936348236,0.17985611510791366,0.0508130081300813,0.05483418143533953,fedper,1
8,165,1.7967945915279966,0.07272727272727272,0.02889358703312192,0.022044974053430713,fedper,1
13,184,1.8032553869745005,0.016304347826086956,0.006211180124223603,0.003848231163921145,fedper,1
27,128,1.7813929319381714,0.140625,0.041379310344827586,0.034913793103448276,fedper,1
