round,train_loss,val_loss,val_accuracy,val_macro_f1,val_weighted_f1,num_train_examples,num_val_examples,fit_duration_sec,local_eval_duration_sec,eval_duration_sec
5,0.0,1.791080162293831,0.18492861959074813,0.06822296350636924,0.10366537932406127,37.0,24.0,0.0011406837776932563,0.06773734324913774,0.00812397499976214
