client_id,num_test_examples,loss,accuracy,macro_f1,weighted_f1,personalization_mode,fedper_adapt_epochs
0,1083,2.0662545567844495,0.30009233610341646,0.06909013605442177,0.1487064701226751,none,0
5,1043,2.085544980040904,0.11697027804410355,0.046923691411353566,0.036914244272294276,none,0
