{
  "data_dir": "C:\\Users\\mikha\\Documents\\DATBAC\\Simulations\\har-flower\\data\\partB",
  "output_dir": "C:\\Users\\mikha\\Documents\\DATBAC\\Simulations\\har-flower\\precomputed\\partB_blockA_magstd_2s",
  "window_seconds": 2.0,
  "overlap_ratio": 0.5,
  "val_ratio": 0.2,
  "split_seed": 42,
  "label_mapping": "intersection",
  "channel_config": "mag_std",
  "shuffle_windows": false,
  "inter_subject_test_ratio": 0.2,
  "inter_subject_split_seed": 42,
  "train_client_ids": [
    0,
    2,
    3,
    4,
    5,
    6,
    8,
    9,
    10,
    11,
    12,
    13,
    15,
    16,
    17,
    18,
    20,
    21,
    22,
    23,
    25,
    26,
    27,
    28,
    29,
    30,
    31,
    32,
    33,
    34,
    35,
    36,
    37,
    39,
    40,
    41,
    42,
    43,
    45,
    46,
    47,
    48,
    49,
    50,
    51,
    52,
    53,
    54,
    55,
    56,
    57,
    60,
    61,
    63,
    64,
    66,
    69,
    70,
    71,
    72,
    73,
    74,
    75,
    78,
    79,
    80,
    81,
    82,
    83,
    85,
    86,
    87,
    88,
    89,
    90,
    93,
    94,
    95,
    96,
    97,
    98,
    99,
    100,
    101,
    102,
    103,
    104,
    106,
    107,
    108,
    110,
    111,
    112,
    114,
    115,
    116,
    117,
    118,
    120,
    121,
    122,
    124,
    125,
    127,
    129,
    131,
    132,
    133,
    135,
    136,
    137,
    139,
    140,
    141,
    142,
    143,
    144,
    146,
    147
  ],
  "test_client_ids": [
    1,
    7,
    14,
    19,
    24,
    38,
    44,
    58,
    59,
    62,
    65,
    67,
    68,
    76,
    77,
    84,
    91,
    92,
    105,
    109,
    113,
    119,
    123,
    126,
    128,
    130,
    134,
    138,
    145
  ],
  "num_clients_total": 148,
  "num_clients_kept": 148,
  "num_clients_skipped_probe": 0,
  "skipped_probe_files": [],
  "label_map": {
    "sitting": 0,
    "standing": 1,
    "walking": 2
  },
  "sensor_cols": [
    "acc_mag",
    "acc_mag_std"
  ],
  "window_label_policy": "pure_only",
  "windowing_policy": "time_based_per_file_sampling_rate",
  "kept_labels": [
    "sitting",
    "standing",
    "walking"
  ],
  "dropped_labels": [
    "ascending stairs",
    "cycling",
    "descending stairs",
    "jogging",
    "lying down",
    "running"
  ],
  "split_policy": "inter_subject_train_clients_segment_level_val_test_clients_all_windows",
  "global_norm_min": [
    3.23554668284487e-05,
    0.0
  ],
  "global_norm_max": [
    101.7060317993164,
    33.95397186279297
  ],
  "normalization": {
    "kind": "channel_wise_minmax",
    "fit_on": "all_train_role_clients_train_splits_combined",
    "target_range": [
      -1.0,
      1.0
    ],
    "constant_channel_output": 0.0
  },
  "total_windows": 181526,
  "total_train_windows": 116282,
  "total_val_windows": 28786,
  "total_test_windows": 36084,
  "datasets_in_g": [
    "HARTH"
  ],
  "datasets_gravity_removed": [],
  "acceleration_standardization": {
    "unit_after": "m/s^2",
    "signal_after": "body_acceleration",
    "g_to_ms2_factor": 9.80665,
    "gravity_removal_method": "highpass_butterworth",
    "gravity_estimation_method": "lowpass_butterworth",
    "gravity_cutoff_hz": 0.3
  }
}