epoch,train_loss,val_loss,val_accuracy,val_macro_f1,val_weighted_f1,num_val_examples
37,0.8040573657074305,1.1193066039232507,0.44328493647912887,0.5265057636485522,0.3812971784843617,2204
