client_id,num_test_examples,loss,accuracy,macro_f1,weighted_f1,personalization_mode,fedper_adapt_epochs
1,2799,2.376079826365202,0.0035727045373347625,0.01754017772153936,0.006181804929908292,fedper,1
8,2394,2.876829265253486,0.06015037593984962,0.10625,0.058246577983420096,fedper,1
13,2020,1.7259058093080426,0.6985148514851485,0.2066575070535572,0.6033927323571344,fedper,1
