client_id,num_test_examples,loss,accuracy,macro_f1,weighted_f1,personalization_mode,fedper_adapt_epochs
0,1083,1.9832145366422138,0.1172668513388735,0.0706293521255018,0.07108366521315448,none,0
5,1043,2.0745431014469693,0.11697027804410355,0.06855497491771878,0.09564258989614996,none,0
