client_id,num_test_examples,loss,accuracy,macro_f1,weighted_f1,personalization_mode,fedper_adapt_epochs
1,670,1.7838371557975883,0.3880597014925373,0.20612553286250557,0.33153522803998714,none,0
2,589,1.7746392759685807,0.22580645161290322,0.15699783206870677,0.14028344491275824,none,0
8,421,1.748723485124366,0.4323040380047506,0.25387430047352566,0.357089710830011,none,0
11,461,1.7841125788761065,0.4360086767895879,0.27800829875518673,0.4161078658157893,none,0
13,443,1.7866937288043192,0.27765237020316025,0.1304594462601901,0.19251148448167124,none,0
14,428,1.7685536725498805,0.23598130841121495,0.1234718826405868,0.1165482256700866,none,0
34,781,1.781564279341362,0.34827144686299616,0.15859995301855767,0.3350416652003764,none,0
