epoch,train_loss,val_loss,val_accuracy,val_macro_f1,val_weighted_f1,num_val_examples
60,0.7332088363771679,0.8229084676217913,0.6731255265374895,0.6581083958383336,0.6661076327688832,4748
