client_id,num_test_examples,loss,accuracy,macro_f1,weighted_f1,personalization_mode,fedper_adapt_epochs
1,2799,1.621658904674267,0.8417291889960701,0.15177463043870093,0.7992353035678783,none,0
8,2394,1.6858883623092893,0.66624895572264,0.1728859158901439,0.5659413182833777,none,0
13,2020,1.715185811732075,0.6420792079207921,0.19315417390174872,0.5702102154304767,none,0
