client_id,num_test_examples,loss,accuracy,macro_f1,weighted_f1,personalization_mode,fedper_adapt_epochs
1,670,1.6639919266771914,0.3746268656716418,0.1443176706334601,0.23053594742518543,none,0
2,589,1.7324307794684264,0.47877758913412566,0.22224922282061382,0.39694758191819,none,0
8,421,1.7954466022958098,0.13064133016627077,0.1981981981981982,0.13181827908668764,none,0
11,461,1.716600840882986,0.5010845986984815,0.3031496062992126,0.4557107964541309,none,0
13,443,1.7534747061826306,0.32505643340857787,0.24037677075489974,0.19762534947998536,none,0
14,428,1.747327792310269,0.4392523364485981,0.27211185026496787,0.36993170583666934,none,0
34,781,1.6967999788618882,0.33418693982074266,0.2265409010439685,0.18551350900508423,none,0
