client_id,num_test_examples,loss,accuracy,macro_f1,weighted_f1,personalization_mode,fedper_adapt_epochs
5,528,1.80653351725954,0.20454545454545456,0.07281263677237099,0.0808776099031938,fedper,1
8,517,1.7946930867790944,0.11798839458413926,0.03517877739331026,0.024904124808416937,fedper,1
