client_id,num_test_examples,loss,accuracy,macro_f1,weighted_f1,personalization_mode,fedper_adapt_epochs
1,2799,1.5567389388048636,0.8695962843872812,0.23192640543625714,0.8166501160921137,none,0
8,2394,1.631997887851202,0.7222222222222222,0.3131737391577988,0.6073516576373539,none,0
13,2020,1.6563594237412556,0.7420792079207921,0.3226301955702237,0.6376425281513134,none,0
