epoch,train_loss,val_loss,val_accuracy,val_macro_f1,val_weighted_f1,num_val_examples
45,0.3199601841896709,0.37289927593883443,0.8474846952355602,0.750701469588857,0.8457249511848123,11271
