client_id,num_test_examples,loss,accuracy,macro_f1,weighted_f1
1,2799,0.6645079569843847,0.6823865666309397,0.3896268229718027,0.7390859021639132
8,2394,0.7012703325934114,0.7740183792815372,0.6102414268166453,0.7103671009970157
13,2020,0.6457997749937643,0.7534653465346535,0.6093005771133744,0.7374624246842504
18,1210,0.2628742754414072,0.9107438016528926,0.420416884702599,0.8998505823181148
