client_id,num_test_examples,loss,accuracy,macro_f1,weighted_f1,personalization_mode,fedper_adapt_epochs
1,1585,2.1765756629618935,0.10410094637223975,0.023571428571428573,0.019630464173050925,none,0
8,1717,2.1268968647416413,0.12114152591729761,0.027012987012987013,0.026179155730699122,none,0
13,1594,2.142426282877904,0.10351317440401506,0.026800942093722083,0.019419754151975537,none,0
