round,n_clients_total,n_clients_train_selected,n_clients_eval_selected,train_loss,num_train_examples,fit_duration_sec,local_eval_duration_sec,val_loss,val_accuracy,val_macro_f1,val_weighted_f1,num_val_examples,num_eval_clients,eval_duration_sec
1,24,24,24,1.8046577523152034,768.0,1.0256449749977037,0.09470996249486537,1.8131412134071734,0.045879929900177356,0.014233585080904408,0.006358349314928269,24.0,24.0,0.024347462500979116
2,24,24,24,1.786289095878601,768.0,0.05294738749823106,0.02163553750263721,1.814152015349251,0.045879929900177356,0.014233585080904406,0.00635834931492827,24.0,24.0,0.0164336375031174
3,24,24,24,1.7178157295767718,762.0,0.03462202073552455,0.02002667637665333,1.8147463369462944,0.045879929900177356,0.014233585080904408,0.006358349314928271,24.0,24.0,0.034567258332875404
4,24,24,24,0.7557219530628846,452.0,0.006467011286511366,0.014797880087705613,1.8148107960028534,0.04587992990017737,0.014233585080904406,0.006358349314928271,24.0,24.0,0.02307367083146043
5,24,24,24,0.0,37.0,0.0009405891886106818,0.010729116213042289,1.8148107841169134,0.04587992990017736,0.014233585080904406,0.00635834931492827,24.0,24.0,0.012169658332519854
