client_id,num_test_examples,loss,accuracy,macro_f1,weighted_f1,personalization_mode,fedper_adapt_epochs
1,124,1.7840811167993853,0.20967741935483872,0.05777777777777778,0.07268817204301076,none,0
2,135,1.7902869621912638,0.18518518518518517,0.052083333333333336,0.05787037037037037,none,0
4,139,1.7903495529572742,0.19424460431654678,0.05421686746987952,0.06318800381381641,none,0
8,165,1.7865199508089007,0.21212121212121213,0.05833333333333333,0.07424242424242425,none,0
13,184,1.782801425975302,0.22282608695652173,0.06074074074074074,0.08120772946859903,none,0
27,128,1.791377693414688,0.1484375,0.04308390022675737,0.03837159863945579,none,0
