client_id,num_test_examples,loss,accuracy,macro_f1,weighted_f1,personalization_mode,fedper_adapt_epochs
1,670,2.0962542085505245,0.03134328358208955,0.03684210526315789,0.025734485467399846,fedper,1
2,589,2.0194117917674506,0.03904923599320883,0.03108108108108108,0.061212315881246274,fedper,1
8,421,1.729048098634371,0.4513064133016627,0.13046676096181048,0.2847090681243218,fedper,1
11,461,1.6612944693472276,0.3297180043383948,0.18357487922705315,0.36794617875444063,fedper,1
13,443,1.793927240856076,0.23702031602708803,0.1251004016064257,0.18294215235660474,fedper,1
14,428,1.8236074815286654,0.0397196261682243,0.03130374957000344,0.041043372587598735,fedper,1
34,781,1.7278910708946393,0.08706786171574904,0.05124566641214064,0.09034828435128922,fedper,1
