client_id,num_test_examples,loss,accuracy,macro_f1,weighted_f1
1,387,0.4046302084312883,0.8501291989664083,0.7327374073568308,0.8331863882723346
8,449,0.2306337881592706,0.8574610244988864,0.7873388008546337,0.8186051809014045
