epoch,train_loss,val_loss,val_accuracy,val_macro_f1,val_weighted_f1,num_val_examples
23,0.16348396178987643,0.09095049341013477,0.9490445859872612,0.8095238095238095,0.9320594479830149,157
