epoch,train_loss,val_loss,val_accuracy,val_macro_f1,val_weighted_f1,num_val_examples
116,0.44103670925687766,0.6642062621245922,0.7815699658703071,0.6895545043291745,0.7571889025432399,15529
