client_id,num_test_examples,loss,accuracy,macro_f1,weighted_f1,personalization_mode,fedper_adapt_epochs
1,2799,1.7626696719404373,0.8760271525544837,0.33909553395857706,0.8266408597221458,none,0
8,2394,1.8058237940844837,0.7188805346700083,0.2086861644618279,0.6025120861991498,none,0
13,2020,1.7902335445479591,0.7579207920792079,0.2791699172184033,0.6637333799295579,none,0
18,1210,2.134618527041979,0.06859504132231405,0.1277644776166111,0.040399404421757226,none,0
