client_id,num_test_examples,loss,accuracy,macro_f1,weighted_f1,personalization_mode,fedper_adapt_epochs
1,2799,1.6411564025592702,0.8513754912468738,0.21934614798210753,0.8105835850611617,none,0
8,2394,1.65374491627055,0.722639933166249,0.3222478189986323,0.6095103999785492,none,0
13,2020,1.6231500014220135,0.7445544554455445,0.34444710461545713,0.6496254465446327,none,0
18,1210,0.7014734454391417,0.9223140495867769,0.39489197537022475,0.8992540073283287,none,0
