client_id,num_test_examples,loss,accuracy,macro_f1,weighted_f1,personalization_mode,fedper_adapt_epochs
0,1083,2.177515071955194,0.0,0.0,0.0,none,0
5,1043,2.089050392633659,0.18791946308724833,0.0519689920320945,0.0909054363276209,none,0
