client_id,num_test_examples,loss,accuracy,macro_f1,weighted_f1,personalization_mode,fedper_adapt_epochs
1,2799,1.3895046320418112,0.863522686673812,0.2641287931875549,0.8218898947898304,none,0
8,2394,1.42743324277395,0.7142857142857143,0.3037366698229628,0.6093014337143667,none,0
13,2020,1.4685267292627013,0.7371287128712871,0.3603186521941597,0.6558263217370564,none,0
