client_id,num_test_examples,loss,accuracy,macro_f1,weighted_f1,personalization_mode,fedper_adapt_epochs
1,2799,1.3841833895383115,0.8503036798856735,0.1624825200461833,0.7842165395885212,none,0
8,2394,1.5898904566378422,0.6340852130325815,0.10235422553300796,0.4945831442206852,none,0
13,2020,1.6681341133495369,0.551980198019802,0.0916762267371618,0.39575004178501183,none,0
