client_id,num_test_examples,loss,accuracy,macro_f1,weighted_f1,personalization_mode,fedper_adapt_epochs
1,1585,2.009473209501441,0.15709779179810726,0.060495626822157436,0.07602983509762626,none,0
8,1717,2.0168286608483252,0.145602795573675,0.06526712648726302,0.06962145348508578,none,0
13,1594,2.0744086792657486,0.0018820577164366374,0.0007522567703109327,0.0008985551384391568,none,0
