epoch,train_loss,val_loss,val_accuracy,val_macro_f1,val_weighted_f1,num_val_examples
2,0.3447518534615625,0.4275692287652696,0.8445568272557892,0.7389224113860298,0.840477263800844,11271
