client_id,num_test_examples,loss,accuracy,macro_f1,weighted_f1
1,387,0.9131434736941828,0.6821705426356589,0.6040563876550359,0.6706269288423856
8,449,0.5940058757042832,0.7305122494432071,0.6740999279073111,0.6948886759485562
