epoch,train_loss,val_loss,val_accuracy,val_macro_f1,val_weighted_f1,num_val_examples
64,0.2621102729160751,0.45811644443281135,0.8152866242038217,0.6739115290839429,0.8187071683228063,157
