client_id,num_test_examples,loss,accuracy,macro_f1,weighted_f1,personalization_mode,fedper_adapt_epochs
1,2799,1.234196147266223,0.8678099321186138,0.23322048031581252,0.8147834061815424,none,0
8,2394,1.4127359689028938,0.7142857142857143,0.20196455187520415,0.5983938170483555,none,0
13,2020,1.410585618019104,0.7405940594059406,0.2150194140416158,0.6334874729458774,none,0
18,1210,2.2597106831132874,0.06942148760330578,0.12687410384011877,0.041746991154032645,none,0
