round,train_loss,val_loss,val_accuracy,val_macro_f1,val_weighted_f1,num_train_examples,num_val_examples,fit_duration_sec,local_eval_duration_sec,eval_duration_sec
38,0.0,1.6761269444992781,0.06487112898951673,0.03654678385236761,0.0354264634911208,7.0,60.0,0.0004121000092709437,0.014718200007337146,0.009860001666190025
