epoch,train_loss,val_loss,val_accuracy,val_macro_f1,val_weighted_f1,num_val_examples
20,0.8267710966756567,0.8910348939376694,0.7125378324425269,0.3733246315283555,0.6282308015443674,15529
