client_id,num_test_examples,loss,accuracy,macro_f1,weighted_f1,personalization_mode,fedper_adapt_epochs
1,2799,1.7284707749643766,0.8481600571632726,0.18839504489146494,0.8060660873598736,none,0
8,2394,1.7363684448283616,0.6996658312447787,0.23512403858277647,0.5948837256213707,none,0
13,2020,1.7186249416653472,0.7410891089108911,0.3216387619891089,0.6517961375616115,none,0
