client_id,num_test_examples,loss,accuracy,macro_f1,weighted_f1,personalization_mode,fedper_adapt_epochs
1,2799,1.6700557795708926,0.8699535548410147,0.2736893840104849,0.815743452656046,none,0
8,2394,1.6883385279025251,0.7192982456140351,0.2059145403074117,0.6019749466764398,none,0
13,2020,1.656056543860105,0.7435643564356436,0.2143544062915318,0.6350277223126106,none,0
