client_id,num_test_examples,loss,accuracy,macro_f1,weighted_f1
1,124,1.2404926746122298,0.41935483870967744,0.33839881292711477,0.33375714364758796
2,135,1.2535079267289904,0.4074074074074074,0.31754428157936926,0.3229082432981068
4,139,1.2482668144239797,0.41007194244604317,0.32774926686217004,0.31551210644387717
8,165,1.2080188975189672,0.45454545454545453,0.37711569608121337,0.3548655523577154
13,184,1.228220265844594,0.46195652173913043,0.4102519783541681,0.3732356876699942
27,128,1.2259734869003296,0.4375,0.3556386771878605,0.3721910802814427
