epoch,train_loss,val_loss,val_accuracy,val_macro_f1,val_weighted_f1,num_val_examples
2,1.3759222069991117,1.1965299815888617,0.5859872611464968,0.40228722763934033,0.47814203200585187,785
