round,n_clients_total,n_clients_train_selected,n_clients_eval_selected,train_loss,num_train_examples,fit_duration_sec,local_eval_duration_sec,val_loss,val_accuracy,val_macro_f1,val_weighted_f1,num_val_examples,num_eval_clients,eval_duration_sec
1,24,24,24,1.7961673190196354,768.0,0.9262176291692109,0.07277170833064399,1.7935139608689807,0.1827436413676896,0.05104472706414509,0.07990656603815438,24.0,24.0,0.026920816669492826
2,24,24,24,1.802001769344012,768.0,0.0653021708324862,0.03368826666580086,1.7943950383235372,0.17432860868795105,0.04884725309247758,0.07626134450868237,24.0,24.0,0.015384750001733968
3,24,24,24,1.7339864515569892,762.0,0.03252353778905223,0.01497380262470848,1.7950224071799035,0.17432860868795105,0.04884725309247758,0.07626134450868237,24.0,24.0,0.015271749998646555
4,24,24,24,0.7648945614299943,452.0,0.009101068801519592,0.015482493143168637,1.7952923580308686,0.17555409888402948,0.04936165638465864,0.07635212156024375,24.0,24.0,0.05133947916571439
5,24,24,24,0.0,37.0,0.0015363945913614353,0.015275329732134737,1.7952923840085353,0.17555409888402948,0.04936165638465865,0.07635212156024375,24.0,24.0,0.012062366666214075
