client_id,num_test_examples,loss,accuracy,macro_f1,weighted_f1,personalization_mode,fedper_adapt_epochs
1,124,1.7953305744355725,0.14516129032258066,0.04225352112676056,0.036801453884597914,fedper,1
2,135,1.7803148331465544,0.2222222222222222,0.06060606060606061,0.08080808080808081,fedper,1
4,139,1.7995264770315706,0.1510791366906475,0.043750000000000004,0.03965827338129497,fedper,1
8,165,1.7745716904148912,0.21212121212121213,0.05833333333333333,0.07424242424242425,fedper,1
13,184,1.7930876949559087,0.10326086956521739,0.031198686371100164,0.019329620903833798,fedper,1
27,128,1.8172554075717926,0.140625,0.0410958904109589,0.034674657534246575,fedper,1
