client_id,num_test_examples,loss,accuracy,macro_f1,weighted_f1,personalization_mode,fedper_adapt_epochs
1,387,1.9380256938687899,0.18087855297157623,0.04854368932038835,0.06146358596121523,none,0
8,449,1.9427662676320576,0.155902004454343,0.0437636761487965,0.047759913837216665,none,0
