epoch,train_loss,val_loss,val_accuracy,val_macro_f1,val_weighted_f1,num_val_examples
18,1.3550860229879618,1.6085851326828398,0.41095497562374533,0.25229725803065695,0.34246749507430335,3487
