client_id,num_test_examples,loss,accuracy,macro_f1,weighted_f1,personalization_mode,fedper_adapt_epochs
1,2799,1.6315856165185747,0.8767416934619507,0.29535384499923506,0.8203437683723197,none,0
8,2394,1.7084575954236483,0.7180451127819549,0.20562246216315982,0.6008819729895675,none,0
13,2020,1.701319662887271,0.7381188118811881,0.21592677573822827,0.6313667593814449,none,0
18,1210,2.4829206533668455,0.06694214876033058,0.1264484323527379,0.04041952301090017,none,0
