client_id,num_test_examples,loss,accuracy,macro_f1,weighted_f1,personalization_mode,fedper_adapt_epochs
1,387,1.943917990654938,0.17829457364341086,0.04552952820851204,0.05682367474085612,fedper,1
8,449,1.9596597367777324,0.10022271714922049,0.026026604973973393,0.018259199480627215,fedper,1
