epoch,train_loss,val_loss,val_accuracy,val_macro_f1,val_weighted_f1,num_val_examples
15,0.4400868569859526,0.6894597939111244,0.7872362981024065,0.6803785610971721,0.7580203306932892,9433
