epoch,train_loss,val_loss,val_accuracy,val_macro_f1,val_weighted_f1,num_val_examples
80,0.9106364720174912,1.0504225161061531,0.5823504633529908,0.5174389661732739,0.5691077915367478,4748
