client_id,num_test_examples,loss,accuracy,macro_f1,weighted_f1,personalization_mode,fedper_adapt_epochs
5,528,1.7915188760468455,0.19696969696969696,0.05485232067510548,0.06482546988876102,none,0
8,517,1.780073006794116,0.2263056092843327,0.061514195583596214,0.08352604506708808,none,0
