client_id,num_test_examples,loss,accuracy,macro_f1,weighted_f1,personalization_mode,fedper_adapt_epochs
0,1083,2.0598391192111283,0.08494921514312095,0.04452771491102535,0.018557528708861525,none,0
5,1043,2.090856972499639,0.052732502396931925,0.021605657361662627,0.014151087544843437,none,0
