round,n_clients_total,n_clients_train_selected,n_clients_eval_selected,train_loss,num_train_examples,fit_duration_sec,local_eval_duration_sec,val_loss,val_accuracy,val_macro_f1,val_weighted_f1,num_val_examples,num_eval_clients,eval_duration_sec
1,24,24,24,1.80122114221255,768.0,0.8842431333311348,0.07038418333346878,1.7909693031043037,0.17819375284645111,0.05747612220597792,0.08388510052661828,24.0,24.0,0.06549311666337114
2,24,24,24,1.792941853404045,768.0,0.0352121083305974,0.018518112499198953,1.7917743390704237,0.1745970124965703,0.056522150847612716,0.07803414439218821,24.0,24.0,0.01711273333179027
3,24,24,24,1.7321601927749755,762.0,0.040293938581913644,0.015338073490863406,1.7931141354408153,0.17310891725847502,0.05518281106984698,0.07702662309635418,24.0,24.0,0.03600399999413639
4,24,24,24,0.7683900478666863,452.0,0.009437361727875609,0.014956967699698448,1.793429427013666,0.1842200283695861,0.0593352222787098,0.08363667523059987,24.0,24.0,0.03969912083266536
5,24,24,24,0.0,37.0,0.0015324026966039594,0.012519648651800093,1.7934294422026449,0.18422002836958618,0.05933522227870979,0.08363667523059987,24.0,24.0,0.018124920836271485
