client_id,num_test_examples,loss,accuracy,macro_f1,weighted_f1,personalization_mode,fedper_adapt_epochs
1,124,1.789533099820537,0.12903225806451613,0.0678904428904429,0.060230092488157,fedper,1
2,135,1.7970386231387103,0.3111111111111111,0.15810546043104182,0.1477013942130221,fedper,1
4,139,1.7907006972127681,0.1510791366906475,0.043750000000000004,0.03965827338129497,fedper,1
8,165,1.8015028816280942,0.10909090909090909,0.03278688524590164,0.021460506706408346,fedper,1
13,184,1.795549978380618,0.10326086956521739,0.031198686371100164,0.019329620903833798,fedper,1
27,128,1.794845998287201,0.1953125,0.054466230936819175,0.06382761437908496,fedper,1
