client_id,num_test_examples,loss,accuracy,macro_f1,weighted_f1,personalization_mode,fedper_adapt_epochs
0,1083,2.1015236078316923,0.0840258541089566,0.029138648735190523,0.01501326499929484,none,0
5,1043,2.0639212442381614,0.07190795781399809,0.03555841682425998,0.035587928801474114,none,0
