client_id,num_test_examples,loss,accuracy,macro_f1,weighted_f1,personalization_mode,fedper_adapt_epochs
1,1585,2.266149151438042,0.031545741324921134,0.024147149990176312,0.017011566268758882,fedper,1
8,1717,2.2153751911225537,0.14269073966220153,0.0743795519490456,0.08151490209545617,fedper,1
13,1594,2.1198831163954406,0.18255959849435383,0.06179395040319437,0.10870902636128736,fedper,1
