client_id,num_test_examples,loss,accuracy,macro_f1,weighted_f1,personalization_mode,fedper_adapt_epochs
1,2799,2.1235913709045606,0.0007145409074669524,0.003373229334767796,0.0003386606156826291,fedper,1
8,2394,2.288123305080927,0.13575605680868838,0.04872541054895357,0.03591924239229366,fedper,1
13,2020,2.243329386427851,0.013366336633663366,0.005608243767855592,0.017078087733721836,fedper,1
