client_id,num_test_examples,loss,accuracy,macro_f1,weighted_f1,personalization_mode,fedper_adapt_epochs
1,2799,1.2851735980819914,0.8660235798499464,0.23569129003503406,0.8140768406882497,none,0
8,2394,1.399337315419961,0.7050960735171261,0.3057385112706427,0.6004002717096881,none,0
13,2020,1.4721937554897648,0.7014851485148514,0.28624158528933863,0.6143425820685537,none,0
