client_id,num_test_examples,loss,accuracy,macro_f1,weighted_f1,personalization_mode,fedper_adapt_epochs
1,1585,2.0872688297969684,0.22965299684542587,0.11424389470274704,0.13250865796310016,fedper,1
8,1717,1.986704486709177,0.2253931275480489,0.12341927506789976,0.1430624940415512,fedper,1
13,1594,1.9950298011826453,0.14491844416562108,0.041054133986819584,0.04147071753879396,fedper,1
