client_id,num_test_examples,loss,accuracy,macro_f1,weighted_f1,personalization_mode,fedper_adapt_epochs
1,2799,1.2757599566740068,0.8510182207931404,0.15325226790194943,0.7825228341745843,none,0
8,2394,1.4496636125776503,0.6340852130325815,0.09942255443104339,0.49320174177308534,none,0
13,2020,1.5014652332456986,0.5534653465346535,0.09150928135236785,0.396479048236445,none,0
