client_id,num_test_examples,loss,accuracy,macro_f1,weighted_f1,personalization_mode,fedper_adapt_epochs
1,1585,2.0254497977837405,0.1526813880126183,0.04207232267037552,0.05138928497782146,none,0
8,1717,2.0388096536948503,0.1619103086779266,0.05091861429561542,0.06367699122332096,none,0
13,1594,2.031469550754973,0.14366373902132998,0.044140323824209717,0.050730911697586076,none,0
