epoch,train_loss,val_loss,val_accuracy,val_macro_f1,val_weighted_f1,num_val_examples
26,0.3903092781583837,0.7669175891903991,0.7958014038251014,0.6961106312087936,0.763237833235945,15529
