epoch,train_loss,val_loss,val_accuracy,val_macro_f1,val_weighted_f1,num_val_examples
19,0.6419298805694046,1.1199122420006071,0.6446925021061499,0.5979065195493113,0.6081675660652816,4748
