epoch,train_loss,val_loss,val_accuracy,val_macro_f1,val_weighted_f1,num_val_examples
43,0.29897084380832867,0.4457115268955,0.8501463933989886,0.7561985555487393,0.8487504600018358,11271
