epoch,train_loss,val_loss,val_accuracy,val_macro_f1,val_weighted_f1,num_val_examples
22,0.6325714517006418,0.739277812788129,0.7339815828449997,0.5355502272597918,0.6773841309555657,15529
