client_id,num_test_examples,loss,accuracy,macro_f1,weighted_f1,personalization_mode,fedper_adapt_epochs
0,1083,1.9030948944479256,0.4579870729455217,0.1570614312856238,0.28772842074854815,none,0
5,1043,2.0419275710361,0.2636625119846596,0.05244088482074752,0.11061356338029199,none,0
