client_id,num_test_examples,loss,accuracy,macro_f1,weighted_f1,personalization_mode,fedper_adapt_epochs
5,528,1.7845426761742793,0.2178030303030303,0.11947021638376591,0.13381426940909985,none,0
8,517,1.7783259003489806,0.23404255319148937,0.10516638533879913,0.13341587379471725,none,0
