client_id,num_test_examples,loss,accuracy,macro_f1,weighted_f1
1,124,0.632509134709835,0.6693548387096774,0.6776150323193333,0.652844370625328
2,135,0.5921902333144788,0.6296296296296297,0.6272542836755092,0.6213965757026059
4,139,0.6501682573902628,0.6474820143884892,0.6464806419377734,0.6330789577375489
8,165,0.7242193818092346,0.5636363636363636,0.5963757971799944,0.5186193133040051
13,184,0.7490666392056838,0.6304347826086957,0.6944457858302585,0.6180247920238439
27,128,0.7924306839704514,0.625,0.6289494099623609,0.6217503095036195
