epoch,train_loss,val_loss,val_accuracy,val_macro_f1,val_weighted_f1,num_val_examples
71,0.7243135357613114,0.304451010888739,0.8802547770700637,0.6653825814310002,0.8801062402372879,785
