client_id,num_test_examples,loss,accuracy,macro_f1,weighted_f1,personalization_mode,fedper_adapt_epochs
1,670,1.8897494586546029,0.04626865671641791,0.014783023366714354,0.004103943800311746,fedper,1
2,589,1.8257411609076482,0.035653650254668934,0.027722772277227727,0.009178167392291013,fedper,1
8,421,1.8252221563932731,0.0,0.0,0.0,fedper,1
11,461,1.796621508815542,0.0,0.0,0.0,fedper,1
13,443,1.7999835802792965,0.28442437923250563,0.07381370826010546,0.1259665089043786,fedper,1
14,428,1.7761660569182067,0.2733644859813084,0.1016166994636725,0.1399783060157173,fedper,1
34,781,1.895163679397671,0.08066581306017925,0.042510121457489884,0.02057468106393236,fedper,1
