round,n_clients_total,n_clients_train_selected,n_clients_eval_selected,train_loss,num_train_examples,fit_duration_sec,local_eval_duration_sec,val_loss,val_accuracy,val_macro_f1,val_weighted_f1,num_val_examples,num_eval_clients,eval_duration_sec
1,24,24,24,1.849202960729599,768.0,0.7085464916660081,0.0260272833329509,1.798534906495605,0.2557909781274687,0.10276122118767611,0.1715420055203527,24.0,24.0,0.04435946666490054
2,24,24,24,1.7536745617787044,768.0,0.009213129163981648,0.010949058333305098,1.796143934227015,0.29520889088721647,0.11575116201305495,0.18561611890894544,24.0,24.0,0.0356582666693915
3,24,24,24,1.7144635268083708,762.0,0.008179212338749436,0.01074301863810001,1.7941073797861158,0.30573854751062307,0.11980244390130836,0.1894949974459191,24.0,24.0,0.00936202917000628
4,24,24,24,0.7837302283903139,452.0,0.003299221241461892,0.009797218589555673,1.7936216607310895,0.3137993552824343,0.12256603358306824,0.19617024138118663,24.0,24.0,0.00901607083020887
5,24,24,24,0.0,37.0,0.0007592486508656293,0.035683240543270635,1.7936216605805726,0.31379935528243424,0.12256603358306824,0.19617024138118666,24.0,24.0,0.02728892083541723
