client_id,num_test_examples,loss,accuracy,macro_f1,weighted_f1,personalization_mode,fedper_adapt_epochs
1,124,1.7808936988153765,0.33064516129032256,0.1707482993197279,0.1911125740618828,none,0
2,135,1.7821413658283376,0.28888888888888886,0.14103174603174604,0.16476190476190475,none,0
4,139,1.782241519406545,0.381294964028777,0.1866447728516694,0.2153075569101369,none,0
8,165,1.7790899869167442,0.3333333333333333,0.15362200435729848,0.19167161814220637,none,0
13,184,1.776790282000666,0.3804347826086957,0.1914565826330532,0.21255480453050787,none,0
27,128,1.7786179780960083,0.390625,0.18639138093482446,0.23820588054565567,none,0
