client_id,num_test_examples,loss,accuracy,macro_f1,weighted_f1,personalization_mode,fedper_adapt_epochs
1,670,1.7376872649833337,0.3582089552238806,0.10059356451109029,0.21370280742491848,fedper,1
2,589,1.763843060146973,0.028862478777589132,0.014026402640264026,0.02333764785646646,fedper,1
8,421,1.7938026634361286,0.27790973871733965,0.10893854748603352,0.19562361496304356,fedper,1
11,461,1.934181070120888,0.0,0.0,0.0,fedper,1
13,443,1.7848838904103093,0.060948081264108354,0.03896103896103896,0.03799360909970391,fedper,1
14,428,1.6902014518452582,0.3037383177570093,0.13994338573522722,0.16365840396337647,fedper,1
34,781,1.7835205214887515,0.10499359795134443,0.03634751773049646,0.022897539978750648,fedper,1
