client_id,num_test_examples,loss,accuracy,macro_f1,weighted_f1,personalization_mode,fedper_adapt_epochs
1,387,1.9555348080874106,0.007751937984496124,0.011741682974559686,0.014866730381225443,none,0
8,449,1.9473228789119252,0.022271714922048998,0.020028755141978515,0.019909119946602674,none,0
