client_id,num_test_examples,loss,accuracy,macro_f1,weighted_f1,personalization_mode,fedper_adapt_epochs
1,1585,1.9776570171211796,0.1167192429022082,0.06474256269872766,0.07025239328069896,fedper,1
8,1717,2.035622945828846,0.1619103086779266,0.07674866800838995,0.09094508875575355,fedper,1
13,1594,2.263006298874074,0.03889585947302384,0.03560408887287722,0.03731515605018865,fedper,1
