client_id,num_test_examples,loss,accuracy,macro_f1,weighted_f1,personalization_mode,fedper_adapt_epochs
1,1585,1.8293513054351325,0.1886435331230284,0.08960073157618775,0.08892173327097933,none,0
8,1717,1.8640617748020551,0.23995340710541643,0.13232906120704047,0.11229160081429573,none,0
13,1594,1.8764271057085828,0.06900878293601004,0.05269615370843855,0.02989278057678156,none,0
