client_id,num_test_examples,loss,accuracy,macro_f1,weighted_f1,personalization_mode,fedper_adapt_epochs
1,2799,1.6159019704033708,0.8760271525544837,0.28734642810107053,0.8201799649335731,none,0
8,2394,1.661697760958819,0.7188805346700083,0.20576109104595247,0.6016141292265564,none,0
13,2020,1.6240252254032852,0.7405940594059406,0.2159116176383048,0.6331237345887168,none,0
18,1210,3.3855324362920336,0.06859504132231405,0.1277644776166111,0.040399404421757226,none,0
