client_id,num_test_examples,loss,accuracy,macro_f1,weighted_f1,personalization_mode,fedper_adapt_epochs
1,2799,1.756169600331728,0.8692390139335477,0.27254863040889243,0.8152072260821331,none,0
8,2394,1.7605789285355442,0.7188805346700083,0.20559280284493164,0.6016258387641479,none,0
13,2020,1.6968077414106615,0.7430693069306931,0.21448265002534772,0.6346513916938735,none,0
18,1210,3.6958176013851953,0.06859504132231405,0.1277644776166111,0.040399404421757226,none,0
