client_id,num_test_examples,loss,accuracy,macro_f1,weighted_f1
1,2799,0.5743892987036798,0.8824580207216863,0.35379013096291695,0.8385474441792917
8,2394,0.6871956762474157,0.7589807852965748,0.47624316220712654,0.6581278874948614
13,2020,0.695996366160931,0.7688118811881188,0.43858088536099343,0.6842015318658434
18,1210,0.18105543423905845,0.9231404958677686,0.4989669421487603,0.9003901714363773
