client_id,num_test_examples,loss,accuracy,macro_f1,weighted_f1
1,670,0.21675170374006356,0.9119402985074627,0.6861972743614783,0.9167130395294211
2,589,1.02401042429822,0.6468590831918506,0.5922008113801401,0.6855518385075663
8,421,1.644730729048722,0.5154394299287411,0.5229996250441764,0.5444020293873933
11,461,2.896896850519739,0.2841648590021692,0.2070619094398477,0.4140694906354737
13,443,0.40692428164772737,0.801354401805869,0.7097191902903678,0.779934872679279
14,428,0.3680690298831769,0.8621495327102804,0.8052145609430521,0.8517253380516085
34,781,0.389438066395781,0.852752880921895,0.7058990836723195,0.834747240527231
