round,n_clients_total,n_clients_train_selected,n_clients_eval_selected,train_loss,num_train_examples,fit_duration_sec,local_eval_duration_sec,val_loss,val_accuracy,val_macro_f1,val_weighted_f1,num_val_examples,num_eval_clients,eval_duration_sec
1,24,24,24,1.8047817299763362,768.0,0.6460808250000506,0.02914339166818536,1.7905952726172882,0.17192016389716888,0.05871271772438416,0.08740685291524429,24.0,24.0,0.05301865416549845
2,24,24,24,1.8243071635564168,768.0,0.022457804165848454,0.017106066668929998,1.7891059215422362,0.16953995154077683,0.06264082684936031,0.091097794087738,24.0,24.0,0.011702133334135093
3,24,24,24,1.71466269705865,762.0,0.019607697114570853,0.014169081889647193,1.7877915698785791,0.16751305096011038,0.07105480097078079,0.08928799295313568,24.0,24.0,0.009524370834697038
4,24,24,24,0.7811247142015305,452.0,0.005441257965210639,0.008945843141175193,1.7875369065142903,0.17094034784107104,0.06803529194076195,0.09104349903517896,24.0,24.0,0.010267612498864764
5,24,24,24,0.0,37.0,0.0012475054127453651,0.04101767296418296,1.7875369035609072,0.17094034784107107,0.06803529194076195,0.09104349903517896,24.0,24.0,0.020233941665840877
