client_id,num_test_examples,loss,accuracy,macro_f1,weighted_f1,personalization_mode,fedper_adapt_epochs
1,124,1.7874865724194435,0.008064516129032258,0.003436426116838488,0.004323245759893581,fedper,1
2,135,1.8058973956991125,0.11851851851851852,0.03532008830022075,0.025116507235712533,fedper,1
4,139,1.7922196105229768,0.1510791366906475,0.04545454545454545,0.04120340091563113,fedper,1
8,165,1.7998042959155458,0.0,0.0,0.0,fedper,1
13,184,1.8184211409610251,0.08152173913043478,0.025125628140703515,0.012289709416648458,fedper,1
27,128,1.7934119701385498,0.125,0.05138339920948617,0.044064970355731224,fedper,1
