client_id,num_test_examples,loss,accuracy,macro_f1,weighted_f1,personalization_mode,fedper_adapt_epochs
1,1585,2.0132427359981118,0.12176656151419558,0.07425060548088336,0.06456762263537603,none,0
8,1717,2.0119932010275163,0.1537565521258008,0.08234345979778099,0.0865420259698999,none,0
13,1594,2.035336912800108,0.06273525721455459,0.05352576578734618,0.039003157670230035,none,0
