client_id,num_test_examples,loss,accuracy,macro_f1,weighted_f1
0,1083,1.3155867938960137,0.44321329639889195,0.1830032925620901,0.41771469815325474
5,1043,2.0520642523797568,0.2598274209012464,0.18083686742218297,0.21001501626113922
