epoch,train_loss,val_loss,val_accuracy,val_macro_f1,val_weighted_f1,num_val_examples
48,1.2208300208118277,2.311334176667188,0.29931305201177627,0.1922219887158092,0.27370465000364697,1019
