epoch,train_loss,val_loss,val_accuracy,val_macro_f1,val_weighted_f1,num_val_examples
56,0.7992356097917231,1.016571852019984,0.6002527379949453,0.5579898193607391,0.5891762675870217,4748
