client_id,num_test_examples,loss,accuracy,macro_f1,weighted_f1,personalization_mode,fedper_adapt_epochs
1,2799,0.9374710348258064,0.8506609503394069,0.13132928847214562,0.7823453218951611,none,0
8,2394,1.2430332731782345,0.633249791144528,0.0969309462915601,0.49105201195657516,none,0
13,2020,1.411349852840499,0.5514851485148515,0.08886407147415444,0.39205772523646754,none,0
18,1210,5.2665411405326905,0.06446280991735537,0.02422360248447205,0.007807607412350495,none,0
