client_id,num_test_examples,loss,accuracy,macro_f1,weighted_f1,personalization_mode,fedper_adapt_epochs
1,670,1.808703362407969,0.11492537313432835,0.07603358452525553,0.05294316511441454,none,0
2,589,1.8047462847520217,0.06960950764006792,0.06106128802500911,0.02617557206016094,none,0
8,421,1.7913309264919255,0.15201900237529692,0.07084723485997371,0.047878886994126714,none,0
11,461,1.8220088621540855,0.0,0.0,0.0,none,0
13,443,1.7898896060732632,0.15575620767494355,0.05963894261766602,0.061231885639935195,none,0
14,428,1.7856447986353223,0.14719626168224298,0.07959933617828355,0.05402358827100588,none,0
34,781,1.8146670455358702,0.08066581306017925,0.049970999266773924,0.02912744442383223,none,0
