client_id,num_test_examples,loss,accuracy,macro_f1,weighted_f1,personalization_mode,fedper_adapt_epochs
1,2799,1.6202030848843492,0.8774562343694177,0.29224358178129467,0.821220836966815,none,0
8,2394,1.6765635131096581,0.7176274018379282,0.20512643041712808,0.6005405108686568,none,0
13,2020,1.6585174527498756,0.7396039603960396,0.21569239605233345,0.6323371565116866,none,0
18,1210,3.643329460364728,0.06942148760330578,0.12860586580956207,0.040779595509497994,none,0
