epoch,train_loss,val_loss,val_accuracy,val_macro_f1,val_weighted_f1,num_val_examples
66,0.7613525001655237,13.375721684502004,0.3341366844551558,0.3659079602623028,0.28073404081777864,5809
