client_id,num_test_examples,loss,accuracy,macro_f1,weighted_f1,personalization_mode,fedper_adapt_epochs
1,387,1.9567311570933932,0.03617571059431524,0.00997506234413965,0.002525984779652935,none,0
8,449,1.9348168731532278,0.12694877505567928,0.032185206098249576,0.028601107423611542,none,0
