client_id,num_test_examples,loss,accuracy,macro_f1,weighted_f1,personalization_mode,fedper_adapt_epochs
1,2799,1.5370903149295083,0.8753126116470168,0.30853475784982637,0.818674759228871,none,0
8,2394,1.6384304882390557,0.7013366750208856,0.20792378888734236,0.5875775050688499,none,0
13,2020,1.6517475128173829,0.6806930693069307,0.19618741839599216,0.5820432080853146,none,0
18,1210,2.220476441343954,0.06611570247933884,0.03800480666065834,0.011706171231611029,none,0
