client_id,num_test_examples,loss,accuracy,macro_f1,weighted_f1,personalization_mode,fedper_adapt_epochs
1,670,1.7558646995629836,0.46567164179104475,0.2602056876379232,0.3862804145571016,none,0
2,589,1.8211819623645984,0.12393887945670629,0.04478527607361964,0.02775318466361828,none,0
8,421,1.790882137778819,0.25415676959619954,0.08183556405353729,0.10399531298964952,none,0
11,461,1.826677665534609,0.0,0.0,0.0,none,0
13,443,1.7822193437451435,0.1986455981941309,0.057971014492753624,0.06909412111100206,none,0
14,428,1.7883517731015928,0.23598130841121495,0.07695238095238095,0.09079661771250555,none,0
34,781,1.7639327412530799,0.24199743918053776,0.15469699969930986,0.19940951450551167,none,0
