epoch,train_loss,val_loss,val_accuracy,val_macro_f1,val_weighted_f1,num_val_examples
9,1.2207787920692357,1.1719587221804444,0.4867312552653749,0.24743372432029292,0.34954399547199894,4748
