client_id,num_test_examples,loss,accuracy,macro_f1,weighted_f1,personalization_mode,fedper_adapt_epochs
1,387,1.9300740261102522,0.2144702842377261,0.0997484020127839,0.12595189574400717,fedper,1
8,449,1.9376229785863965,0.1447661469933185,0.060376530595899806,0.06519441809726585,fedper,1
