client_id,num_test_examples,loss,accuracy,macro_f1,weighted_f1,personalization_mode,fedper_adapt_epochs
1,670,1.8356316769301002,0.49402985074626865,0.33821126581777433,0.4033039031740963,fedper,1
2,589,1.8245483331243129,0.06112054329371817,0.029850746268656716,0.007906139928540659,fedper,1
8,421,1.7411743343018014,0.1330166270783848,0.06363636363636363,0.03385877780177068,fedper,1
11,461,1.8998010817939444,0.0,0.0,0.0,fedper,1
13,443,1.7436156891807746,0.27765237020316025,0.16709123621199892,0.17512040493589637,fedper,1
14,428,1.8600170979990023,0.0,0.0,0.0,fedper,1
34,781,1.8223008169254786,0.10499359795134443,0.03167246040942449,0.01995243344614193,fedper,1
