client_id,num_test_examples,loss,accuracy,macro_f1,weighted_f1,personalization_mode,fedper_adapt_epochs
0,1083,2.162331932469418,0.09787626962142197,0.045887649509474535,0.03700171729516891,fedper,1
5,1043,2.113986059437548,0.11888782358581017,0.060277479594110145,0.10405744022370343,fedper,1
