epoch,train_loss,val_loss,val_accuracy,val_macro_f1,val_weighted_f1,num_val_examples
22,0.12347072884662219,0.2948244005183908,0.9181818181818182,0.83604743946404,0.916507190336655,3190
