client_id,num_test_examples,loss,accuracy,macro_f1,weighted_f1,personalization_mode,fedper_adapt_epochs
1,387,1.9514302076911434,0.11886304909560723,0.06264778127223893,0.07932148016381674,fedper,1
8,449,1.9632122479462146,0.155902004454343,0.03944773175542406,0.04304986316293495,fedper,1
