client_id,num_test_examples,loss,accuracy,macro_f1,weighted_f1,personalization_mode,fedper_adapt_epochs
0,1083,2.0611333642309724,0.046168051708217916,0.037241229710596256,0.04138772414148618,fedper,1
5,1043,2.089059216178389,0.15627996164908917,0.08550687500917764,0.14252159657689403,fedper,1
