client_id,num_test_examples,loss,accuracy,macro_f1,weighted_f1,personalization_mode,fedper_adapt_epochs
0,1083,2.077914003960424,0.08587257617728532,0.039540816326530615,0.013581887048448189,none,0
5,1043,2.1090620944735416,0.04697986577181208,0.011405959031657356,0.004286803394448402,none,0
