client_id,num_test_examples,loss,accuracy,macro_f1,weighted_f1,personalization_mode,fedper_adapt_epochs
1,2799,2.051376954705939,0.18292247231153982,0.07876608327339567,0.2953498793551955,fedper,1
8,2394,1.9733214274783282,0.0860484544695071,0.019807692307692307,0.013635370477475742,fedper,1
13,2020,2.018923296786771,0.022277227722772276,0.015061418844313581,0.008235071988980273,fedper,1
