round,n_clients_total,n_clients_train_selected,n_clients_eval_selected,train_loss,num_train_examples,fit_duration_sec,local_eval_duration_sec,val_loss,val_accuracy,val_macro_f1,val_weighted_f1,num_val_examples,num_eval_clients,eval_duration_sec
1,24,24,24,1.7921196967363358,768.0,1.1142710416691746,0.0731030125025427,1.7930789362726436,0.16392027692417374,0.045561781309389676,0.07350106467838062,24.0,24.0,0.021034383335063467
2,24,24,24,1.7891109933455784,768.0,0.10745632916829588,0.03924787499878827,1.7935214423975425,0.16253138803528486,0.04881297124052972,0.07682361265655756,24.0,24.0,0.020721287499327445
3,24,24,24,1.7356722223477101,762.0,0.07183757322284899,0.027816937008571355,1.7939244618295567,0.14330624183645443,0.03902835067887763,0.059693388676210025,24.0,24.0,0.014780529169608295
4,24,24,24,0.7592726766535666,452.0,0.017571830535328133,0.035245059730677736,1.7941065636816316,0.14608401961423226,0.04309370985176369,0.06266508838780592,24.0,24.0,0.013882612502735961
5,24,24,24,0.0,37.0,0.0014443756765497194,0.012550440539819869,1.7941065469578052,0.14608401961423223,0.04309370985176369,0.06266508838780592,24.0,24.0,0.020260875001743745
