client_id,num_test_examples,loss,accuracy,macro_f1,weighted_f1,personalization_mode,fedper_adapt_epochs
1,124,1.8070873022079468,0.29838709677419356,0.17414308718656546,0.1670896502593557,fedper,1
2,135,1.791049181090461,0.16296296296296298,0.04670912951167728,0.04567114885586223,fedper,1
4,139,1.7931030877202534,0.1510791366906475,0.043750000000000004,0.03965827338129497,fedper,1
8,165,1.7948192777055683,0.09696969696969697,0.029465930018416204,0.017143813828896702,fedper,1
13,184,1.7919799711393274,0.24456521739130435,0.10486610999136194,0.13638691020168006,fedper,1
27,128,1.8046472668647766,0.140625,0.0410958904109589,0.034674657534246575,fedper,1
