client_id,num_test_examples,loss,accuracy,macro_f1,weighted_f1,personalization_mode,fedper_adapt_epochs
5,528,1.7703113989396528,0.1534090909090909,0.04470198675496689,0.041146146899458155,fedper,1
8,517,1.8204608586125033,0.2263056092843327,0.06190476190476191,0.08405636916275214,fedper,1
