client_id,num_test_examples,loss,accuracy,macro_f1,weighted_f1,personalization_mode,fedper_adapt_epochs
1,1585,1.8573050564395892,0.33690851735015775,0.19426670623893824,0.22297004457096814,none,0
8,1717,1.9119216250206887,0.2888759464181712,0.17485806321755218,0.20494123345060153,none,0
13,1594,1.9410855885281917,0.1562107904642409,0.13764412689021657,0.16236798993928075,none,0
