client_id,num_test_examples,loss,accuracy,macro_f1,weighted_f1,personalization_mode,fedper_adapt_epochs
5,528,1.7889578559181907,0.22348484848484848,0.0608875128998968,0.08164461957031616,fedper,1
8,517,1.7810877891297037,0.19148936170212766,0.053571428571428575,0.06155015197568389,fedper,1
