client_id,num_test_examples,loss,accuracy,macro_f1,weighted_f1,personalization_mode,fedper_adapt_epochs
1,2799,1.198894269000466,0.8738835298320828,0.24397531578303847,0.8186043522804751,none,0
8,2394,1.3008925209666853,0.720969089390142,0.2897975575274838,0.6061477804858173,none,0
13,2020,1.3808425964695392,0.744059405940594,0.314147262855393,0.6388165555478592,none,0
18,1210,1.3000252855710748,0.47520661157024796,0.25898303782935955,0.5916693692696847,none,0
