client_id,num_test_examples,loss,accuracy,macro_f1,weighted_f1,personalization_mode,fedper_adapt_epochs
1,670,1.7245187410667762,0.3238805970149254,0.16905735694106042,0.2864677986956879,none,0
2,589,1.7676782010973815,0.25127334465195245,0.13886818312974897,0.19886789042091776,none,0
8,421,1.7589839133400815,0.23515439429928742,0.14763336170816485,0.18730383833625086,none,0
11,461,1.7751674458158249,0.14967462039045554,0.07599118942731277,0.1516526990740298,none,0
13,443,1.7576700069565268,0.2076749435665914,0.09243994429643972,0.1399833290345881,none,0
14,428,1.7587810309133798,0.2733644859813084,0.17211023622047245,0.1861421738170579,none,0
34,781,1.7261018881266614,0.37516005121638923,0.13799431391352027,0.3126555712503934,none,0
