client_id,num_test_examples,loss,accuracy,macro_f1,weighted_f1,personalization_mode,fedper_adapt_epochs
1,670,1.8055280080482141,0.1044776119402985,0.03783783783783784,0.019766034691407825,fedper,1
2,589,1.8382484479751975,0.0,0.0,0.0,fedper,1
8,421,1.7930920257137961,0.0023752969121140144,0.005479452054794521,0.0044902873133114245,fedper,1
11,461,1.6602082174925896,0.5010845986984815,0.24838709677419354,0.4978517948359107,fedper,1
13,443,1.781021856292914,0.05417607223476298,0.06339857959466481,0.0555415006965953,fedper,1
14,428,1.7455733346047801,0.32242990654205606,0.12190812720848057,0.1572273042501899,fedper,1
34,781,1.7794803548866593,0.016645326504481434,0.012329132485353654,0.01638746793955307,fedper,1
