round,train_loss,val_loss,val_accuracy,val_macro_f1,val_weighted_f1,num_train_examples,num_val_examples,fit_duration_sec,local_eval_duration_sec,eval_duration_sec
10,0.0,2.3540382610813895,0.33940811535163595,0.10156791490116657,0.1921901721404902,19.0,65.0,0.0004869000113103539,0.008065199974225834,0.006792652306075279
