client_id,num_test_examples,loss,accuracy,macro_f1,weighted_f1,personalization_mode,fedper_adapt_epochs
5,528,1.7986942927042644,0.29734848484848486,0.16172965611167858,0.1454212709319962,none,0
8,517,1.8007673154255408,0.30947775628626695,0.16093133385951067,0.16012878622494234,none,0
