client_id,num_test_examples,loss,accuracy,macro_f1,weighted_f1,personalization_mode,fedper_adapt_epochs
1,2799,2.0394550565738006,0.0021436227224008574,0.02065404475043029,0.003977324087346169,fedper,1
8,2394,1.9469526278146028,0.6190476190476191,0.10515354653987857,0.5292590148894973,fedper,1
13,2020,1.980833114727889,0.03762376237623762,0.010429783077375073,0.025646993176486638,fedper,1
18,1210,2.3383179849829556,0.0,0.0,0.0,fedper,1
