client_id,num_test_examples,loss,accuracy,macro_f1,weighted_f1,personalization_mode,fedper_adapt_epochs
1,670,1.690814133900315,0.3522388059701492,0.09031764255644853,0.190880271432733,fedper,1
2,589,1.9012699699968556,0.035653650254668934,0.03333333333333333,0.011035653650254669,fedper,1
8,421,1.904756844468468,0.0,0.0,0.0,fedper,1
11,461,1.769678723010479,0.052060737527114966,0.032989690721649485,0.04959187780933426,fedper,1
13,443,1.8166753782913863,0.16478555304740405,0.04996577686516085,0.050078566429190556,fedper,1
14,428,1.8394577625755952,0.002336448598130841,0.0032520325203252037,0.004634906162145734,fedper,1
34,781,1.9099653107561314,0.11395646606914213,0.08133544392264641,0.04635219292814128,fedper,1
