client_id,num_test_examples,loss,accuracy,macro_f1,weighted_f1,personalization_mode,fedper_adapt_epochs
1,2799,1.6074258155931784,0.8731689889246159,0.2503846654885006,0.8202350215786842,none,0
8,2394,1.6527004807614842,0.7197159565580619,0.29317701468449253,0.6064166557625628,none,0
13,2020,1.6748486209623885,0.746039603960396,0.35771617547403184,0.6491428022642368,none,0
18,1210,1.49096601167001,0.49173553719008267,0.21703646178184352,0.6082869257405287,none,0
