round,train_loss,val_loss,val_accuracy,val_macro_f1,val_weighted_f1,num_train_examples,num_val_examples,fit_duration_sec,local_eval_duration_sec,eval_duration_sec
73,0.0,1.7011425357749754,0.5897227279748004,0.2143728895737608,0.5447807287228065,31.0,16.0,0.0007203999994089827,0.03267500000220025,0.02992800000083662
