epoch,train_loss,val_loss,val_accuracy,val_macro_f1,val_weighted_f1,num_val_examples
28,0.423423135507619,0.6199221839772668,0.7930323910103677,0.6689367072757552,0.751758206861922,15529
