client_id,num_test_examples,loss,accuracy,macro_f1,weighted_f1,personalization_mode,fedper_adapt_epochs
1,387,1.9461888499962268,0.17829457364341086,0.043233082706766915,0.05395756833945328,fedper,1
8,449,1.9531128749019053,0.1358574610244989,0.05968221548073168,0.051991707293219,fedper,1
