client_id,num_test_examples,loss,accuracy,macro_f1,weighted_f1,personalization_mode,fedper_adapt_epochs
1,670,1.7532665370115594,0.3194029850746269,0.19208649643432252,0.42349741973363,none,0
2,589,1.7595817496294885,0.03225806451612903,0.024918032786885248,0.049074563722897944,none,0
8,421,1.7908953853004619,0.004750593824228029,0.0036529680365296802,0.008199655093873034,none,0
11,461,1.735138925192413,0.02386117136659436,0.02809554905232947,0.04219712462646832,none,0
13,443,1.7964586891385288,0.07900677200902935,0.04196965416477611,0.031501488210181706,none,0
14,428,1.7926121103429349,0.02336448598130841,0.022857142857142857,0.03684913217623498,none,0
34,781,1.743212104912146,0.3354673495518566,0.21588043555646674,0.3731463371197115,none,0
