client_id,num_test_examples,loss,accuracy,macro_f1,weighted_f1,personalization_mode,fedper_adapt_epochs
1,2799,2.0493446400694526,0.0,0.0,0.0,fedper,1
8,2394,2.2544477851368927,0.0004177109440267335,0.00010438413361169103,3.4881915993881716e-07,fedper,1
13,2020,2.10505529535879,0.0034653465346534654,0.003779697624190065,0.00010478369651219982,fedper,1
