client_id,num_test_examples,loss,accuracy,macro_f1,weighted_f1,personalization_mode,fedper_adapt_epochs
1,1585,1.9675210832421335,0.3041009463722397,0.18525215044682375,0.20564023458887737,none,0
8,1717,2.0000031217976093,0.27140361094933024,0.15975275515241072,0.1857506203202834,none,0
13,1594,1.9988910869193945,0.10664993726474278,0.08086504909246407,0.1187384963062182,none,0
