client_id,num_test_examples,loss,accuracy,macro_f1,weighted_f1,personalization_mode,fedper_adapt_epochs
1,387,1.9240276936720817,0.17829457364341086,0.043233082706766915,0.05473956208350333,fedper,1
8,449,1.9630558142948789,0.0801781737193764,0.023976023976023976,0.02579158035728192,fedper,1
