client_id,num_test_examples,loss,accuracy,macro_f1,weighted_f1,personalization_mode,fedper_adapt_epochs
1,670,1.7313410371097167,0.28955223880597014,0.09291187739463602,0.21217189912506434,fedper,1
2,589,1.767136197341116,0.25806451612903225,0.17261475606825283,0.24828374399029882,fedper,1
8,421,1.8695620289890897,0.16389548693586697,0.06272727272727273,0.05140358453897646,fedper,1
11,461,1.8337572484626687,0.0,0.0,0.0,fedper,1
13,443,1.8087914969528234,0.0654627539503386,0.020655270655270657,0.008112905404101792,fedper,1
14,428,1.804128144389001,0.011682242990654205,0.01434920634920635,0.022672007120605252,fedper,1
34,781,1.8005368070016292,0.002560819462227913,0.0010070493454179255,0.0015009032497650004,fedper,1
