client_id,num_test_examples,loss,accuracy,macro_f1,weighted_f1,personalization_mode,fedper_adapt_epochs
0,1083,1.994369377830132,0.14866112650046168,0.06471061093247589,0.03847980927101983,none,0
5,1043,2.0309913505872395,0.059443911792905084,0.028340460135591983,0.025696242081338125,none,0
