client_id,num_test_examples,loss,accuracy,macro_f1,weighted_f1,personalization_mode,fedper_adapt_epochs
1,387,1.981250099433485,0.17054263565891473,0.04266321913380737,0.05324634326002314,none,0
8,449,1.9678737410989264,0.1492204899777283,0.037388392857142856,0.04021958518930958,none,0
