mean_loss,std_loss,mean_accuracy,std_accuracy,mean_macro_f1,std_macro_f1,mean_weighted_f1,std_weighted_f1,num_clients,num_predictions,evaluation_data_dir,channel_config
1.4249319732375878,0.5165996012594541,0.44069596752680945,0.15003259833383242,0.2855632175624375,0.1323898337000462,0.35439260850637544,0.1301084437012158,29,30988,precomputed/partA_blockB_magstd_2s,mag_std
