epoch,train_loss,val_loss,val_accuracy,val_macro_f1,val_weighted_f1,num_val_examples
78,1.1865781308706447,1.5597367764190484,0.43897044037804145,0.3561367221222813,0.3795124904247801,14919
