round,train_loss,val_loss,val_accuracy,val_macro_f1,val_weighted_f1,num_train_examples,num_val_examples,fit_duration_sec,local_eval_duration_sec,eval_duration_sec
52,1.6181247032294839,2.451189868096698,0.13943653243152007,0.04013038572889155,0.06269274055847367,59.0,115.0,0.005744674576617091,0.02671074237446577,0.017622883477926496
