round,n_clients_total,n_clients_train_selected,n_clients_eval_selected,train_loss,num_train_examples,fit_duration_sec,local_eval_duration_sec,val_loss,val_accuracy,val_macro_f1,val_weighted_f1,num_val_examples,num_eval_clients,eval_duration_sec
1,24,24,24,1.8023770600557327,768.0,0.8345505208356675,0.050194416668091435,1.8085304943853133,0.030896764917012372,0.009987186463468625,0.0018704110532129937,24.0,24.0,0.02285321666568052
2,24,24,24,1.8550537675619125,768.0,0.03463298333372222,0.01248366250001709,1.8077691232913862,0.030896764917012366,0.009987186463468621,0.0018704110532129937,24.0,24.0,0.012276658332363391
3,24,24,24,1.7710284285657987,762.0,0.008046394483989295,0.010287138847851138,1.8067767771564869,0.030896764917012372,0.009987186463468625,0.0018704110532129935,24.0,24.0,0.01784608750191789
4,24,24,24,0.761694511481091,452.0,0.003848294249222721,0.010951230975511315,1.806365614332581,0.030896764917012372,0.009987186463468625,0.001870411053212994,24.0,24.0,0.010320633329683915
5,24,24,24,0.0,37.0,0.0009274026913870428,0.011945127021061961,1.806365614332581,0.030896764917012376,0.009987186463468625,0.0018704110532129937,24.0,24.0,0.00901975834131008
