client_id,num_test_examples,loss,accuracy,macro_f1,weighted_f1,personalization_mode,fedper_adapt_epochs
1,124,1.800004570714889,0.14516129032258066,0.04225352112676056,0.036801453884597914,none,0
2,135,1.7996752986201534,0.16296296296296298,0.04670912951167728,0.04567114885586223,none,0
4,139,1.797193100126527,0.17985611510791366,0.0508130081300813,0.05483418143533953,none,0
8,165,1.7890525702274207,0.23030303030303031,0.06239737274220033,0.08622182415285863,none,0
13,184,1.786860668140909,0.23369565217391305,0.0631424375917768,0.0885366787971653,none,0
27,128,1.790060579776764,0.1953125,0.054466230936819175,0.06382761437908496,none,0
