client_id,num_test_examples,loss,accuracy,macro_f1,weighted_f1,personalization_mode,fedper_adapt_epochs
1,2799,2.21515099446064,0.012147195426938193,0.030913707098836285,0.011497040957220667,fedper,1
8,2394,2.2723434160626126,0.03884711779448621,0.05713071399860335,0.039019186650188976,fedper,1
13,2020,2.3688509969428035,0.007920792079207921,0.013721683078451969,0.007503037502066348,fedper,1
18,1210,3.460439608707901,0.01487603305785124,0.009165241892839057,0.0053550448506180575,fedper,1
