client_id,num_test_examples,loss,accuracy,macro_f1,weighted_f1,personalization_mode,fedper_adapt_epochs
0,1083,1.9661425852929677,0.2548476454293629,0.16541838803370046,0.23385329919438635,none,0
5,1043,2.069439709243701,0.29242569511025884,0.12009564042151674,0.17329908357063334,none,0
