round,n_clients_total,n_clients_train_selected,n_clients_eval_selected,train_loss,num_train_examples,fit_duration_sec,local_eval_duration_sec,val_loss,val_accuracy,val_macro_f1,val_weighted_f1,num_val_examples,num_eval_clients,eval_duration_sec
1,24,24,24,1.7926227202018101,768.0,1.3377752708329353,0.07808284166821977,1.8020572343392438,0.1470239122490621,0.041753792697031604,0.06235177350166615,24.0,24.0,0.024497966664057458
2,24,24,24,1.7950997898976009,768.0,0.05254280000250825,0.021097558331045246,1.801656093387695,0.17924560887555077,0.06307459353351735,0.09880124946048412,24.0,24.0,0.013186470833412992
3,24,24,24,1.7405632499634751,762.0,0.05519943595973877,0.018403462465367282,1.8024604090534622,0.17218793824029396,0.056926855184470805,0.08825932692762455,24.0,24.0,0.019494508337326504
4,24,24,24,0.7631570765402464,452.0,0.014145294469186265,0.02329426704155409,1.8030658006798024,0.1650692123715681,0.05558816218215721,0.08409300721890779,24.0,24.0,0.034553462502420494
5,24,24,24,0.0,37.0,0.0021345081095697008,0.016708870273637207,1.803065808720233,0.1650692123715681,0.05558816218215721,0.08409300721890782,24.0,24.0,0.011491054168194145
