client_id,num_test_examples,loss,accuracy,macro_f1,weighted_f1,personalization_mode,fedper_adapt_epochs
1,124,1.7978277629421604,0.20967741935483872,0.15977961432506887,0.10797120767795255,fedper,1
2,135,1.7974419761587073,0.16296296296296298,0.04670912951167728,0.04567114885586223,fedper,1
4,139,1.7902172546592547,0.17985611510791366,0.0508130081300813,0.05483418143533953,fedper,1
8,165,1.7980273738051906,0.23030303030303031,0.06239737274220033,0.08622182415285863,fedper,1
13,184,1.768921997236169,0.23369565217391305,0.0631424375917768,0.0885366787971653,fedper,1
27,128,1.7928847074508667,0.1484375,0.04308390022675737,0.03837159863945579,fedper,1
