client_id,num_test_examples,loss,accuracy,macro_f1,weighted_f1,personalization_mode,fedper_adapt_epochs
1,670,1.7885600260834196,0.1044776119402985,0.03783783783783784,0.019766034691407825,fedper,1
2,589,1.7402206792896187,0.17147707979626486,0.11776051899148657,0.10399068187453234,fedper,1
8,421,1.7001212155733991,0.25415676959619954,0.11710113152858549,0.1336107492060093,fedper,1
11,461,1.7501330047264017,0.02386117136659436,0.015536723163841809,0.0232545314165962,fedper,1
13,443,1.8176826265541748,0.0654627539503386,0.02441077441077441,0.009587979113938482,fedper,1
14,428,1.8435523443132917,0.0,0.0,0.0,fedper,1
34,781,2.0355618433518843,0.09218950064020487,0.12085648867258063,0.04799686878365848,fedper,1
