client_id,num_test_examples,loss,accuracy,macro_f1,weighted_f1,personalization_mode,fedper_adapt_epochs
0,1083,1.967932891537498,0.31763619575253926,0.1572589112289359,0.17310144945239392,none,0
5,1043,2.085894003124731,0.09683604985618409,0.0251934873291369,0.023784677789740947,none,0
