client_id,num_test_examples,loss,accuracy,macro_f1,weighted_f1,personalization_mode,fedper_adapt_epochs
1,2799,1.6089649137406317,0.8488745980707395,0.18265961176458007,0.8038698995341589,none,0
8,2394,1.623663596142902,0.7147034252297411,0.2678407280077906,0.6018633880961539,none,0
13,2020,1.6018006865340884,0.7495049504950495,0.3350110145101365,0.6428509666912812,none,0
18,1210,0.5726386078133071,0.9214876033057852,0.4560583383923282,0.8984027463088324,none,0
