client_id,num_test_examples,loss,accuracy,macro_f1,weighted_f1,personalization_mode,fedper_adapt_epochs
1,1585,1.9949393689068333,0.14952681388012617,0.07393338074311472,0.0897842002835944,fedper,1
8,1717,2.030619027382701,0.0256260920209668,0.010232558139534883,0.010584171960287683,fedper,1
13,1594,2.0217336682483573,0.21706398996235884,0.06373768075895735,0.12231716778020738,fedper,1
