client_id,num_test_examples,loss,accuracy,macro_f1,weighted_f1,personalization_mode,fedper_adapt_epochs
1,1585,2.103188733197161,0.1526813880126183,0.04833002148267689,0.0525041660606777,none,0
8,1717,2.1019703698283236,0.1415259172976121,0.055580417255801796,0.04778419388927521,none,0
13,1594,2.08251632262054,0.1606022584692597,0.05838125294182517,0.06147860595902243,none,0
