epoch,train_loss,val_loss,val_accuracy,val_macro_f1,val_weighted_f1,num_val_examples
8,1.870061384623529,1.9304105682655421,0.29626441728352554,0.0873315676401263,0.1772344471719982,5809
