round,train_loss,val_loss,val_accuracy,val_macro_f1,val_weighted_f1,num_train_examples,num_val_examples,fit_duration_sec,local_eval_duration_sec,eval_duration_sec
35,0.6412762556925858,1.4975805340101924,0.47586341119113557,0.25003819135966693,0.3544555968376355,101.0,112.0,0.004552806931747225,0.012995828710520055,0.01599269374972729
