client_id,num_test_examples,loss,accuracy,macro_f1,weighted_f1,personalization_mode,fedper_adapt_epochs
5,528,1.8113320849158547,0.11553030303030302,0.05070656691604322,0.035148870248620866,none,0
8,517,1.812645814404958,0.10444874274661509,0.04195804195804196,0.02629478838376324,none,0
