client_id,num_test_examples,loss,accuracy,macro_f1,weighted_f1,personalization_mode,fedper_adapt_epochs
5,528,1.80418695825519,0.11174242424242424,0.04867986798679868,0.033743999399939995,fedper,1
8,517,1.7795355882589314,0.2727272727272727,0.13811968946757136,0.13623540854305882,fedper,1
