client_id,num_test_examples,loss,accuracy,macro_f1,weighted_f1,personalization_mode,fedper_adapt_epochs
1,2799,1.450159298134259,0.8631654162200786,0.1829315672078397,0.8113273258387533,none,0
8,2394,1.5477353791545208,0.6846282372598163,0.2147437108241967,0.5767126969712244,none,0
13,2020,1.6010658941646614,0.696039603960396,0.2301834637965865,0.6044214014453804,none,0
