client_id,num_test_examples,loss,accuracy,macro_f1,weighted_f1,personalization_mode,fedper_adapt_epochs
1,2799,2.0713838390385777,0.0,0.0,0.0,fedper,1
8,2394,2.032787033390182,0.05263157894736842,0.09223394839936391,0.04633110006015063,fedper,1
13,2020,2.0654548281490213,0.12079207920792079,0.038226276485944996,0.030087708910530423,fedper,1
