round,n_clients_total,n_clients_train_selected,n_clients_eval_selected,train_loss,num_train_examples,fit_duration_sec,local_eval_duration_sec,val_loss,val_accuracy,val_macro_f1,val_weighted_f1,num_val_examples,num_eval_clients,eval_duration_sec
1,24,24,24,1.7572483569383621,768.0,0.816574137500235,0.05311053749755956,1.8229842053646335,0.030896764917012366,0.07642746913580244,0.014231106762063822,24.0,24.0,0.033107145831309026
2,24,24,24,1.772769229975387,1147.0,0.05739847620365144,0.02507612903229121,1.823425820518282,0.04587992990017736,0.014233585080904408,0.006358349314928271,24.0,24.0,0.01520950416913062
3,24,24,24,1.766166221734892,1124.0,0.033596971709122944,0.023657692705170878,1.8232425055965402,0.04587992990017736,0.014233585080904408,0.006358349314928271,24.0,24.0,0.013564587500392614
4,24,24,24,1.323886665093958,804.0,0.010041318281760164,0.01567522524643906,1.823646276367521,0.045879929900177356,0.014233585080904403,0.006358349314928271,24.0,24.0,0.03156222500183503
5,24,24,24,0.0,133.0,0.0007419082779468814,0.01296014736097523,1.823646275702578,0.045879929900177356,0.014233585080904406,0.006358349314928271,24.0,24.0,0.018675062496186
