client_id,num_test_examples,loss,accuracy,macro_f1,weighted_f1,personalization_mode,fedper_adapt_epochs
1,1585,2.04929996183618,0.027129337539432176,0.012054342613157515,0.0036334233479848217,fedper,1
8,1717,2.126721094289212,0.23820617355853232,0.10952374205398967,0.11369011335337063,fedper,1
13,1594,2.286756625887441,0.1493099121706399,0.037117903930131,0.03879449683036277,fedper,1
