client_id,num_test_examples,loss,accuracy,macro_f1,weighted_f1,personalization_mode,fedper_adapt_epochs
1,387,1.931856471746775,0.18087855297157623,0.04385964912280702,0.05553288907022077,none,0
8,449,1.9492945676391533,0.15367483296213807,0.03813208068527218,0.041019587908655814,none,0
