client_id,num_test_examples,loss,accuracy,macro_f1,weighted_f1,personalization_mode,fedper_adapt_epochs
1,387,1.9509666083086985,0.06201550387596899,0.016684045881126174,0.007242686584054773,none,0
8,449,1.9437578324485727,0.10022271714922049,0.026026604973973393,0.018259199480627215,none,0
