client_id,num_test_examples,loss,accuracy,macro_f1,weighted_f1,personalization_mode,fedper_adapt_epochs
0,1083,2.08687836773838,0.0,0.0,0.0,none,0
5,1043,2.069495540108685,0.25599232981783315,0.05118865030674847,0.10561646736349252,none,0
