epoch,train_loss,val_loss,val_accuracy,val_macro_f1,val_weighted_f1,num_val_examples
24,1.2842392374151541,1.6366867502783513,0.3766569116887588,0.257461281891657,0.3237028696961866,5809
