client_id,num_test_examples,loss,accuracy,macro_f1,weighted_f1,personalization_mode,fedper_adapt_epochs
1,670,1.6779083814193954,0.8194029850746268,0.6754050483829895,0.7983885362150289,none,0
2,589,1.7740835427023558,0.1035653650254669,0.048799999999999996,0.030241086587436336,none,0
8,421,1.7889335404665623,0.0,0.0,0.0,none,0
11,461,1.7727140632989349,0.0,0.0,0.0,none,0
13,443,1.7500088750374236,0.20993227990970656,0.11013232050967899,0.09998478883865826,none,0
14,428,1.7694298519152347,0.018691588785046728,0.008913649025069638,0.010517272798271419,none,0
34,781,1.6758839049198868,0.7285531370038413,0.4965506297281121,0.7062667501021062,none,0
