client_id,num_test_examples,loss,accuracy,macro_f1,weighted_f1,personalization_mode,fedper_adapt_epochs
1,670,1.667243299199574,0.7343283582089553,0.3377818716809173,0.7298454220970088,none,0
2,589,1.7944871083989815,0.011884550084889643,0.01111111111111111,0.023108847387285417,none,0
8,421,1.8099725589049966,0.007125890736342043,0.02033898305084746,0.013527114618140828,none,0
11,461,1.7706660983877947,0.21475054229934923,0.20041306211518975,0.30125977774475493,none,0
13,443,1.762850855058795,0.18058690744920994,0.1629266480965645,0.1468831529769802,none,0
14,428,1.790644261324517,0.014018691588785047,0.01875,0.026723130841121497,none,0
34,781,1.675953847498045,0.6094750320102432,0.3443287037037037,0.6075099587423531,none,0
