client_id,num_test_examples,loss,accuracy,macro_f1,weighted_f1,personalization_mode,fedper_adapt_epochs
1,387,1.921629642331323,0.17829457364341086,0.05215419501133787,0.06509166974283254,fedper,1
8,449,1.9444680139588353,0.1447661469933185,0.03821281599059377,0.04170218226144977,fedper,1
