client_id,num_test_examples,loss,accuracy,macro_f1,weighted_f1,personalization_mode,fedper_adapt_epochs
0,1083,2.0870524452223562,0.003693444136657433,0.002232142857142857,0.007156048014773777,fedper,1
5,1043,2.129174811042281,0.053691275167785234,0.03433388157894737,0.043406544885704196,fedper,1
