client_id,num_test_examples,loss,accuracy,macro_f1,weighted_f1,personalization_mode,fedper_adapt_epochs
1,1585,1.8464941893466265,0.3659305993690852,0.2065562269478642,0.23184041997831664,none,0
8,1717,1.8995353556262524,0.3442050087361677,0.20335498023032988,0.23537224602898554,none,0
13,1594,1.9316233777940048,0.19949811794228356,0.14295216842956088,0.18824840909727936,none,0
