client_id,num_test_examples,loss,accuracy,macro_f1,weighted_f1,personalization_mode,fedper_adapt_epochs
1,670,1.7488761115430007,0.6522388059701493,0.35911156904887687,0.5895757389120627,none,0
2,589,1.756309191723226,0.41935483870967744,0.1415320879205186,0.28160313223865013,none,0
8,421,1.768618193488223,0.4845605700712589,0.19120541500648072,0.36134023257635733,none,0
11,461,1.735676266883304,0.6160520607375272,0.22912280701754387,0.5723864976976063,none,0
13,443,1.7646323587770656,0.45372460496614,0.2882574453340539,0.32139196481766985,none,0
14,428,1.7699529612175773,0.36682242990654207,0.16401112764443293,0.25255097197591875,none,0
34,781,1.742458291456733,0.6222791293213829,0.3293593803008029,0.549419327019657,none,0
