round,n_clients_total,n_clients_train_selected,n_clients_eval_selected,train_loss,num_train_examples,fit_duration_sec,local_eval_duration_sec,val_loss,val_accuracy,val_macro_f1,val_weighted_f1,num_val_examples,num_eval_clients,eval_duration_sec
1,24,24,24,1.8216230223576229,768.0,0.7581058833335798,0.06149267499980245,1.7890585289180574,0.18215051228144083,0.05720317823620349,0.10028462639846843,24.0,24.0,0.04614724999798151
2,24,24,24,1.8016442010800044,768.0,0.06305639583297307,0.015222754164521271,1.7884299381406497,0.20614567538989728,0.0689270512264754,0.1219290429669342,24.0,24.0,0.01215042083155519
3,24,24,24,1.7450040231539508,762.0,0.015324864304533444,0.01077070052353873,1.7882736955062828,0.19665346359505395,0.06524192680247642,0.11364704311243105,24.0,24.0,0.03880385416778154
4,24,24,24,0.7854833518509317,452.0,0.005583210396969308,0.008807611726281086,1.7882918287495064,0.1965116484958085,0.0736515354200868,0.11673967417659488,24.0,24.0,0.010763712500192923
5,24,24,24,0.0,37.0,0.0010414162101664555,0.01800325946139826,1.7882918202003044,0.1965116484958085,0.0736515354200868,0.11673967417659488,24.0,24.0,0.01693114166361435
