client_id,num_test_examples,loss,accuracy,macro_f1,weighted_f1,personalization_mode,fedper_adapt_epochs
1,124,1.8047859091912546,0.12903225806451613,0.06084656084656084,0.05120327700972862,fedper,1
2,135,1.778467278127317,0.16296296296296298,0.04793028322440087,0.04686516581941418,fedper,1
4,139,1.7756563407911672,0.3597122302158273,0.1730880230880231,0.20566819271855244,fedper,1
8,165,1.7887661782178013,0.07272727272727272,0.05263157894736842,0.03444976076555024,fedper,1
13,184,1.8065742876218713,0.1793478260869565,0.1308070397970509,0.12927147889508553,fedper,1
27,128,1.7959457635879517,0.15625,0.04504504504504505,0.04222972972972973,fedper,1
