client_id,num_test_examples,loss,accuracy,macro_f1,weighted_f1,personalization_mode,fedper_adapt_epochs
0,1083,2.0980164824210155,0.1809787626962142,0.1406754852246104,0.07265862287989398,none,0
5,1043,2.07510718883284,0.11984659635666348,0.05821558890276425,0.036700975336253494,none,0
