epoch,train_loss,val_loss,val_accuracy,val_macro_f1,val_weighted_f1,num_val_examples
49,0.49853625772768767,0.6634431221190972,0.7808141726347531,0.6071986186117269,0.7588813214209208,5306
