round,n_clients_total,n_clients_train_selected,n_clients_eval_selected,train_loss,num_train_examples,fit_duration_sec,local_eval_duration_sec,val_loss,val_accuracy,val_macro_f1,val_weighted_f1,num_val_examples,num_eval_clients,eval_duration_sec
1,24,24,24,1.7024991710980732,768.0,0.8402229666705049,0.07471551666700786,1.7867407541206688,0.35100863364027585,0.08643748293403453,0.18339236967634473,24.0,24.0,0.055988370828951396
2,24,24,24,1.8088142573833466,768.0,0.018776954165029263,0.024507929167157272,1.7865516911633106,0.35100863364027585,0.08643748293403453,0.18339236967634476,24.0,24.0,0.014829820828405596
3,24,24,24,1.7099597009773955,762.0,0.022608827034532757,0.016006765351890467,1.7865891732538026,0.35100863364027585,0.08643748293403451,0.18339236967634479,24.0,24.0,0.01579725833047026
4,24,24,24,0.725458162020793,452.0,0.005078045798960632,0.012676874778284464,1.786494571748527,0.35100863364027596,0.08643748293403453,0.18339236967634476,24.0,24.0,0.011960587500652764
5,24,24,24,0.0,37.0,0.0008976945898973861,0.05344744053090344,1.786494587227973,0.35100863364027585,0.08643748293403451,0.18339236967634473,24.0,24.0,0.049872662501002196
