client_id,num_test_examples,loss,accuracy,macro_f1,weighted_f1,personalization_mode,fedper_adapt_epochs
1,387,1.9284005470054095,0.2248062015503876,0.10345134317737058,0.13017077432496355,none,0
8,449,1.939789747342235,0.16926503340757237,0.06489560496152318,0.06980974876707281,none,0
