round,train_loss,val_loss,val_accuracy,val_macro_f1,val_weighted_f1,num_train_examples,num_val_examples,fit_duration_sec,local_eval_duration_sec,eval_duration_sec
14,0.0,1.9729989916086197,0.09368829285709081,0.07502640962309155,0.04183172032328561,10.0,8.0,0.000502099996083416,0.004344700006186031,0.007921787497252808
