client_id,num_test_examples,loss,accuracy,macro_f1,weighted_f1,personalization_mode,fedper_adapt_epochs
1,2799,1.960192911664943,0.011789924973204717,0.047898848913466824,0.01853273754602848,none,0
8,2394,1.913589634891341,0.15121136173767752,0.0870195062242825,0.0712242305156958,none,0
13,2020,1.9309784495004332,0.12178217821782178,0.07710695557746897,0.08840106158066595,none,0
18,1210,2.5079322030721616,0.0768595041322314,0.12473363429594249,0.05643370669053411,none,0
