client_id,num_test_examples,loss,accuracy,macro_f1,weighted_f1
1,1585,1.0171524215492764,0.5886435331230284,0.6089647385282823,0.5489386268413426
8,1717,0.7305773147609613,0.714618520675597,0.7036089818678458,0.6730799168345888
13,1594,1.798379874592495,0.5006273525721455,0.46912446540277497,0.44979110951482604
