epoch,train_loss,val_loss,val_accuracy,val_macro_f1,val_weighted_f1,num_val_examples
39,0.5513223942776582,0.82078247335334,0.6897717666948436,0.4390787046663577,0.6283235088527526,1183
