client_id,num_test_examples,loss,accuracy,macro_f1,weighted_f1,personalization_mode,fedper_adapt_epochs
0,1083,2.083887586303035,0.19390581717451524,0.11113513230216912,0.18652615159123392,fedper,1
5,1043,2.0506803900260597,0.11025886864813039,0.024956597222222224,0.022396332694151488,fedper,1
