client_id,num_test_examples,loss,accuracy,macro_f1,weighted_f1,personalization_mode,fedper_adapt_epochs
1,1585,2.0015649097574997,0.23470031545741324,0.150052168789707,0.1657340933760787,none,0
8,1717,2.022487121192119,0.23238206173558532,0.15569754965125182,0.17731624415463373,none,0
13,1594,2.0460039870801805,0.2490589711417817,0.1667982366428971,0.18285155174537068,none,0
