client_id,num_test_examples,loss,accuracy,macro_f1,weighted_f1,personalization_mode,fedper_adapt_epochs
1,1585,1.8783897250984745,0.3173501577287066,0.16952620200610302,0.18419102261615197,none,0
8,1717,1.9130319190983447,0.30576587070471756,0.1569824481061569,0.16016136777664394,none,0
13,1594,1.8945470783611762,0.3237139272271016,0.18808595660900934,0.17997534963576095,none,0
