client_id,num_test_examples,loss,accuracy,macro_f1,weighted_f1,personalization_mode,fedper_adapt_epochs
5,528,1.7889163277365945,0.23863636363636365,0.12850839545214968,0.13602028872415137,none,0
8,517,1.7899480414805606,0.32108317214700194,0.16665550869206222,0.19574670094085683,none,0
