round,train_loss,val_loss,val_accuracy,val_macro_f1,val_weighted_f1,num_train_examples,num_val_examples,fit_duration_sec,local_eval_duration_sec,eval_duration_sec
13,0.0,1.7876869630608705,0.27582966376039136,0.15053685595519334,0.17360891071115714,8.0,7.0,0.0008200000156648457,0.015002499974798411,0.026098385715158656
