client_id,num_test_examples,loss,accuracy,macro_f1,weighted_f1,personalization_mode,fedper_adapt_epochs
1,1585,1.979234347508909,0.2757097791798107,0.12663849559279783,0.15280563244087678,none,0
8,1717,1.9987418805712798,0.267909143855562,0.13662581539250984,0.16526050196323933,none,0
13,1594,1.997183015983706,0.2791718946047679,0.1470008129049758,0.17256103196441394,none,0
