client_id,num_test_examples,loss,accuracy,macro_f1,weighted_f1,personalization_mode,fedper_adapt_epochs
1,2799,2.237517452699962,0.003215434083601286,0.009554399390176212,0.0056245248740692455,fedper,1
8,2394,2.088341682477105,0.09273182957393483,0.027832745755407222,0.029020987389729695,fedper,1
13,2020,2.625679365007004,0.010396039603960397,0.00922352970352276,0.004540638968481024,fedper,1
