client_id,num_test_examples,loss,accuracy,macro_f1,weighted_f1,personalization_mode,fedper_adapt_epochs
1,2799,2.1470233721152168,0.02750982493747767,0.07117441382147265,0.029101998044687657,fedper,1
8,2394,2.1326687552078427,0.03258145363408521,0.05672705624919552,0.01577879030609518,fedper,1
13,2020,2.0243929277552235,0.05,0.031972828130964505,0.022469774912482122,fedper,1
18,1210,3.6991268299827893,0.0049586776859504135,0.004704238298253939,0.005101408436699463,fedper,1
