round,train_loss,val_loss,val_accuracy,val_macro_f1,val_weighted_f1,num_train_examples,num_val_examples,fit_duration_sec,local_eval_duration_sec,eval_duration_sec
73,0.0,2.0246744209996,0.591786364777286,0.12254744143954788,0.49949437515582257,15.0,16.0,0.0015208999975584447,0.04144770000129938,0.04194788125005289
