epoch,train_loss,val_loss,val_accuracy,val_macro_f1,val_weighted_f1,num_val_examples
47,0.445895321506699,0.8347433772664563,0.7575697703136577,0.6385923811189171,0.7333173200979674,40490
