client_id,num_test_examples,loss,accuracy,macro_f1,weighted_f1,personalization_mode,fedper_adapt_epochs
1,1585,1.8355465164696005,0.3249211356466877,0.1830108823415127,0.20313607338681766,none,0
8,1717,1.8627349917945573,0.2847990681421083,0.17882552208667024,0.18336022576111266,none,0
13,1594,1.8642729055627227,0.17001254705144292,0.1255459364150158,0.13028037815290844,none,0
