client_id,num_test_examples,loss,accuracy,macro_f1,weighted_f1
5,528,0.4167023114436729,0.7481060606060606,0.7527343213045709,0.7474993956867179
8,517,1.0395729190338272,0.6808510638297872,0.6097003604124428,0.6455981399194588
