epoch,train_loss,val_loss,val_accuracy,val_macro_f1,val_weighted_f1,num_val_examples
37,0.28640828529993695,0.37218927169468863,0.817910447761194,0.8216037052874886,0.8169889368559644,670
