client_id,num_test_examples,loss,accuracy,macro_f1,weighted_f1,personalization_mode,fedper_adapt_epochs
1,2799,1.2394928046318836,0.8535191139692747,0.1809699285746781,0.7884155628316435,none,0
8,2394,1.3808110240308464,0.6349206349206349,0.10184665822074794,0.4953058933321136,none,0
13,2020,1.4618444499402943,0.5594059405940595,0.09919090809405204,0.4096832201195588,none,0
18,1210,4.493092216144909,0.0652892561983471,0.03202237946355109,0.008332188702287585,none,0
