client_id,num_test_examples,loss,accuracy,macro_f1,weighted_f1,personalization_mode,fedper_adapt_epochs
0,1083,2.054018112871235,0.4579870729455217,0.1570614312856238,0.28772842074854815,none,0
5,1043,2.0673117009013864,0.2636625119846596,0.05216236722306525,0.11002608618479726,none,0
