client_id,num_test_examples,loss,accuracy,macro_f1,weighted_f1,personalization_mode,fedper_adapt_epochs
1,124,1.7916611471483785,0.20967741935483872,0.05777777777777778,0.07268817204301076,fedper,1
2,135,1.782518286175198,0.2222222222222222,0.06060606060606061,0.08080808080808081,fedper,1
4,139,1.7974591383831107,0.2014388489208633,0.05588822355289421,0.06754835652436135,fedper,1
8,165,1.8040918877630523,0.10909090909090909,0.03278688524590164,0.021460506706408346,fedper,1
13,184,1.7895847351654717,0.22282608695652173,0.06074074074074074,0.08120772946859903,fedper,1
27,128,1.7913908064365387,0.1953125,0.09363295880149813,0.10972612359550563,fedper,1
