epoch,train_loss,val_loss,val_accuracy,val_macro_f1,val_weighted_f1,num_val_examples
33,1.1543337736021293,1.3657017588715847,0.4860994102780118,0.29573549432531643,0.3998380475387661,4748
