client_id,num_test_examples,loss,accuracy,macro_f1,weighted_f1
5,528,0.9438224263263472,0.5833333333333334,0.47618211578223474,0.49912405076580724
8,517,1.1274328144191543,0.5531914893617021,0.4233541312178295,0.47475609663071094
