epoch,train_loss,val_loss,val_accuracy,val_macro_f1,val_weighted_f1,num_val_examples
33,0.5483994881312052,0.7934776528557734,0.6462686567164179,0.5709377161569725,0.5807454787510236,670
